title,url,isbn
英文原版 Invisible Kitties 乌有猫 精装 余幼幼短篇小说集 英文版 进口英语原版书籍,https://product.dangdang.com/11906974202.html,9780063336223
现货 春天来临的方式与其他故事 英文原版 The Way Spring Arrives and Other Storie,https://product.dangdang.com/11204654049.html,9781250768919
预订 纽约故事 伊迪丝-沃顿 New York Stories Edith Wharton 9781590172483 【全球购】进口原版图书，一般5-8周左右到国内后发出,https://product.dangdang.com/11850850440.html,9781590172483
【预订】Amphitheater 9781639887989 国外库房发货，通常付款后3-5周到货！,https://product.dangdang.com/11416714509.html,9781639887989
【中商原版】新装版 宵待草夜情 连城三纪彦 日本推理小说 日文原版 新装版 宵待草夜情 ハルキ文庫,https://product.dangdang.com/11098234356.html,9784758439053
【预订】一袋米要扛几楼 台版原版中文繁体诗歌 洪万达 时报文化出版企业 善本图书 预订图书大约8-12周发货,https://product.dangdang.com/11581618597.html,9786263538948
中国神怪大辞典 栾保群 著 9787010083834 人民出版社 【速开发票，优质售后，支持7天无理由退换】,https://product.dangdang.com/11931949654.html,9787010083834
红楼梦原著正版上下2册 人民文学出版社曹雪芹著无删减四大名著原版初高中生青少年版白话文文言文畅销书籍正版 新华书店正版，关注店铺成为会员可享店铺专属优惠，团购客户请咨询在线客服！,https://product.dangdang.com/1192905906.html,9787020002207
长生殿：插图版,https://product.dangdang.com/8993370.html,9787020051830
星形广场 [法]帕特里克·莫迪亚诺 著；李玉民 译 【速开发票，优质售后，支持7天无理由退换】,https://product.dangdang.com/11911451373.html,9787020107438
蜂鸟文丛:蜜月,https://product.dangdang.com/24245590.html,9787020116614
【3本39】张悦然作品：我循着火光而来//青春文学短篇故事小说书籍鲤胶囊匿名作家,https://product.dangdang.com/11903677572.html,9787020118021
酷暑天,https://product.dangdang.com/24187049.html,9787020122318
正版图书潜(法)克里斯托夫·奥诺-迪-比奥9787020129003人民文学出版社任选,https://product.dangdang.com/11780866008.html,9787020129003
海风中失落的血色馈赠（阿利斯泰尔·麦克劳德作品集） 很难想出还有谁能写出具有阿利斯泰尔·麦克劳德般魅力的小说。——2013年诺贝尔文学奖得主爱丽丝·门罗 。,https://product.dangdang.com/29224060.html,9787020129621
基列家书(精装)/基列三部曲 人民文学出版社 新华书店正版，关注店铺成为会员可享店铺专属优惠，团购客户请咨询在线客服！,https://product.dangdang.com/11223972037.html,9787020135004
注视一只黑鸟的十三种方式：史蒂文斯诗选 本诗集收录了史蒂文斯的诗歌八十三首，这些诗歌基本贯穿史蒂文斯整个创作生涯，是其一生大部分重要诗歌的结集。,https://product.dangdang.com/25288648.html,9787020135707
"玛丽莲·罗宾逊作品基列三部曲:家园（作为《基列家书》续篇获得2009年橘子奖,并获得美国国家图书奖提名） 奥巴马热爱的小说家。2015年，奥巴马卸任前夕，专程去爱荷华州采访玛丽莲?罗宾逊 《卫报》21世纪伟大的100本小说 第2名！奥巴马承认自己在竞选期间，从《基列家书》里获得理智和灵魂的指引！",https://product.dangdang.com/29358246.html,9787020136520
现货 失物之书 9787020141869 人民文学出版社 约翰·康诺利,https://product.dangdang.com/11903778500.html,9787020141869
短经典精选系列：狂野之夜（软精装）（关于爱伦坡、狄金森、马克吐温、詹姆斯和海明威最后时日的故事） 欧茨×爱伦·坡×艾米莉·狄金森×马克·吐温×亨利·詹姆斯×海明威，欧茨致敬文学前辈神作，以五个脑洞大开的故事呈现五位文学大师充满戏剧性的人生收官时刻。入围雪莉·杰克逊奖决选名单，简体中文修订版新装面世,https://product.dangdang.com/29521745.html,9787020143535
阿什贝利自选诗集：全三卷：汉英对照[美]约翰·阿什贝利 著；马永波 译人民文学出版社9787020144778 正版旧书，保证质量，此书为单本而非一套，电子发票！,https://product.dangdang.com/11945309485.html,9787020144778
莱拉(精)/基列三部曲,https://product.dangdang.com/1533589465.html,9787020145003
消失的岛屿 希尼自选诗集【正版图书，满额减】 【速开发票，优质售后，支持7天无理由退换】,https://product.dangdang.com/11900236641.html,9787020145508
扔在八月的路上/日本轻文库,https://product.dangdang.com/1657992925.html,9787020152179
白居易诗选（中国古典文学读本丛书典藏）,https://product.dangdang.com/29288457.html,9787020156061
我喝醉全世界的不公：佩索阿诗100首佩索阿人民文学出版社9787020156290 正版旧书，保证质量，此书为单本而非一套，电子发票！,https://product.dangdang.com/11945693025.html,9787020156290
战争与和平（上中下） 2019年《时代周刊》伟大的百部小说之一。文豪列夫·托尔斯泰的三大长篇之一。,https://product.dangdang.com/29125913.html,9787020157990
米夏埃尔(八品-九品)（奥）埃尔弗里德·耶利内克人民文学出版社9787020160495,https://product.dangdang.com/11911778292.html,9787020160495
绕颈之物【正版书籍，满额减】 【速开发票，优质售后，支持7天无理由退换】,https://product.dangdang.com/11865820861.html,9787020160617
内心的远方（超现实主义大诗人亨利·米肖以东方神秘主义遨游内心，展现他深奥莫测的想象世界、迷离梦境以及深层意识里的种种历险 巴别塔诗典：经典诗歌，经典翻译。,https://product.dangdang.com/29325401.html,9787020166688
在西瓜糖里 （嬉皮一代的文化偶像、村上春树的文学挚爱、后垮掉派传奇作家布劳提根继《在美国钓鳟鱼》之后又一小说代表作） 嬉皮一代的文化偶像、村上春树的文学挚爱、后垮掉派传奇作家理查德?布劳提根小说代表作，一部写给后启示录世代的生存寓言，一个被当代流行文化一再致敬的经典文本，经典中译本暌违二十年修订再版,https://product.dangdang.com/29300177.html,9787020168699
诗人继续沉默（以色列国家文学奖得主耶霍舒亚经典短篇小说集） 缓慢而细密的叙述，冷色调的寓言式梦境。一幅幅以色列当代社会的浮世绘，它们无一例外地指向了孤独。,https://product.dangdang.com/29583975.html,9787020169139
滔滔生活（金爱烂作品集） “韩国八零后天才女作家”金爱烂,https://product.dangdang.com/29479129.html,9787020171767
张怡微作品集,https://product.dangdang.com/12100012222.html,9787020171972
假装在西贡（王梆小说集，讲述不同时空中女性的孤独、爱与倔强。） 亚洲周刊2022十大小说；生活被困住的时刻，还你向上飞昂的野性。观察家王梆游牧人间，十年淬炼十故事。,https://product.dangdang.com/29443299.html,9787020172375
烦人的爱（那不勒斯四部曲作者埃莱娜·费兰特长篇小说，消失的母亲、女儿的原罪、家庭内部至深的矛盾，惊心动魄的痛苦和谎言） 埃莱娜?费兰特匿名写作生涯的起点 那不勒斯四部曲的情感原型，一部浸满泪水的小说 揭露对母亲复杂的嫉妒和渴望 。“我想知道母亲为什么决定死在那个地方，但我永远也不会知道答案。”,https://product.dangdang.com/29476860.html,9787020174782
【中国古脊椎动物志 第三卷 基干下孔类哺乳类 第5册上(总第18册上)啮型类Ⅱ啮齿目Ⅰ 】 【多册任选】中国古脊椎动物志 支持发票 如需请联系在线客服,https://product.dangdang.com/11932604371.html,9787030429513
中国古脊椎动物志 第二卷 两栖类 爬行类 鸟类 第五册（总第九册） 鸟臀类恐龙,https://product.dangdang.com/23760162.html,9787030447760
中国古脊椎动物志 第三卷 基干下孔类 哺乳类 第十册（总第二十三册） 蹄兔目 长鼻目等 陈冠芳等,https://product.dangdang.com/29292249.html,9787030691736
论出版自由(汉译名著本) 英国思想家约翰·弥尔顿创作的政治学著作，是许多精心撰述的政论中重要的一篇。,https://product.dangdang.com/29329016.html,9787100006392
偶然、反讽与团结,https://product.dangdang.com/29593613.html,9787100037044
行为的结构(汉译名著本11) 法国著名哲学家梅洛-庞蒂的一本重要哲学著作，具有很高的出版价值。,https://product.dangdang.com/29335151.html,9787100070300
可爱的契诃夫 契诃夫书信赏读 (俄)契诃夫 童道明 商务印书馆【达额立减】 【正品保证，进入店铺更多优惠！】,https://product.dangdang.com/11731961139.html,9787100106276
可见的与不可见的(汉译名著本15),https://product.dangdang.com/29684948.html,9787100128469
四大名著套装上下共8册 西游记 红楼梦 三国演义 水浒传全本无删减中小学课外阅读经典名著（足本典藏 无障碍阅读 疑难字注,https://product.dangdang.com/12100008869.html,9787100139014
旧时淮水东边月（流金文丛） 江南才子用才情和学识撰写的人文小品，值得一读！,https://product.dangdang.com/25200333.html,9787100153683
【正版】梅洛-庞蒂文集 第4卷 意义与无意义.9787100157728,https://product.dangdang.com/11874339162.html,9787100157728
我可以触摸的事物:史蒂文斯诗文录 (美)华莱士·史蒂文斯；马永波译 商务印书馆【达额立减】 【正品保证，进入店铺更多优惠！】,https://product.dangdang.com/11731976409.html,9787100160483
不止美食：餐桌上的文化史 一本书带你从全球文化传播过程中领略美食在古今、中外、不同地域的意义,https://product.dangdang.com/28968445.html,9787100180450
指花扯蕊：诗词品鉴录 “中国好书”获得者江弱水新作，《诗的八堂课》姊妹篇,https://product.dangdang.com/28556210.html,9787100182546
灵光集 (法)阿蒂尔兰波/何家炜 商务印书馆 9787100183581 【正版图书，保证质量，电子发票，支持7天无理由退换】,https://product.dangdang.com/11928552875.html,9787100183581
275个戏剧游戏：关联(上下册)(戏剧教育丛书) 从戏剧教室到演艺圈 一部培养演技的综合练习集,https://product.dangdang.com/29287831.html,9787100185691
政治与爱的秩序：一种奥古斯丁主义的民主公民伦理 当代奥古斯丁政治神学研究中非常重要的一部著作,https://product.dangdang.com/29376896.html,9787100200554
破产书商札记 一位破产书商的短暂人生，一部现代文青的沉思集录。,https://product.dangdang.com/29444642.html,9787100208093
避孕简史 “每个女性都应该知道的事！”避孕，不止女性，不止技术，它事关所有人的未来。,https://product.dangdang.com/29571789.html,9787100220767
思问录 俟解 黄书 噩梦（王夫之著作） 中华书局出版。,https://product.dangdang.com/29722637.html,9787101066289
长物志+园冶 全2册 计成 文震亨 著 文化书籍 设计园林宅居 品鉴收藏雅玩百科 营造经典集成(共2册) 长物志(中华生,https://product.dangdang.com/11446068803.html,9787101086829
北京话 中华书局出版。,https://product.dangdang.com/25328827.html,9787101121575
酉阳杂俎（全2册·中华经典名著全本全注全译丛书-三全本） 书名不好认不妨碍它成为一部宝库级奇书，你可以看到各式各样奇怪的故事，甚至发现“灰姑娘”的故事竟然出自这本书！中华书局出版。,https://product.dangdang.com/25091942.html,9787101124552
京都如晤（精）新版 七载光阴，四十四通随笔书简，随京都四时节序，追踪山川风物之美。千年古都，见字如面！苏枕书客居京都九年来通信体随笔集。,https://product.dangdang.com/27886376.html,9787101126747
有货正版 物色：金瓶梅读“物”记 扬之水著 中华书局 9787101130560,https://product.dangdang.com/11533087114.html,9787101130560
宋代志怪传奇叙录 李剑国 中华书局【售后无忧】 【正品保证，进入店铺更多优惠！】,https://product.dangdang.com/11731928469.html,9787101133516
"岁华一枝：京都读书散记（精） 苏枕书客居京都十年之际推出新作,记录日本风物古迹，讲述汉籍东传故实。中华书局出版。",https://product.dangdang.com/27916990.html,9787101139747
新书 植物名释札记 夏纬瑛 著 夏经林 增编 中华书局出版社 9787101158113,https://product.dangdang.com/11820659040.html,9787101158113
武梁祠：中国古代画像艺术的思想性（精装） 巫鸿教授研究中国美术史的扛鼎之作，曾获美国汉学著作的荣誉——由全美亚洲研究学会（AAS）颁发的列文森奖（Levenson Prize）,https://product.dangdang.com/29525572.html,9787108050281
正版 履历：诗选1972-1988北岛9787108052599生活.读书.新知三联书店 书籍,https://product.dangdang.com/11871980612.html,9787108052599
时空中的美术(巫鸿古代美术史文编二集)(精) (美)巫鸿 生活·读书·新知三联书店 9787108052971艺术理论,https://product.dangdang.com/11780204330.html,9787108052971
黄泉下的美术：宏观中国古代墓葬（精装 新版） 巫鸿先生的代表作，对中国墓葬艺术的综合性研究,https://product.dangdang.com/29452002.html,9787108052988
美术史十议（精装） 著名美术史学者巫鸿对美术史的反思与想象。,https://product.dangdang.com/29400424.html,9787108052995
锦灰堆选本（三联纪念本）,https://product.dangdang.com/28971167.html,9787108067302
自珍集（三联纪念本）,https://product.dangdang.com/28969659.html,9787108067326
持续焦虑：世界范围内的反现代化思潮,https://product.dangdang.com/11119488634.html,9787108068255
透明：中国视觉现代性（1872—1911） 唐宏峰 生活?读书?新知三联书店【锦园图书】 支持发票 如需请联系在线客服,https://product.dangdang.com/11952531371.html,9787108071521
潮汕往事·潮汕浪话 一部潮汕的历史就是“道统”与“盗统”你中有我移步换形的交互史,https://product.dangdang.com/11988825651.html,9787108071750
黄泉下的美术宏观中国古代墓葬开放的艺术史丛书 巫鸿 生活·读书·新知 文物考古 9787108072535正版【尚居苑 正版图书支持开发票 如需帮助请联系在线客服,https://product.dangdang.com/11970735961.html,9787108072535
再造国家：埃及在19世纪 中东研究领域的开创性著作，深受福柯、德里达等人影响的当代经典，影响遍及人文社会科学多个领域，经由埃及、以全新视角看现代世界秩序。关于规训，作者说出了福柯所未言的另一面现实,https://product.dangdang.com/29414014.html,9787108073723
失去的三十年：平成日本经济史 亲历者全景化展现日本失去的三十年，《战后日本经济史》续作,https://product.dangdang.com/29389563.html,9787111698159
什么是物理,https://product.dangdang.com/12100016538.html,9787115633415
克莱因壶（“噩梦体质”日本虚拟现实神作） 入围豆瓣图书Top130，豆瓣热门日系推理图书NO.6！日本虚拟现实VR题材开山神作！什么时候，你开始怀疑这个世界是假的？,https://product.dangdang.com/27933482.html,9787122346032
"99%诱拐 令西泽保彦重读20多遍的高科技推理杰作！讲谈社力赞“空.前绝后的完全犯罪”，与克莱因壶并称冈岛zui高三作,曾获吉川英治奖、这文库本了不起！NO.1",https://product.dangdang.com/29160661.html,9787122376770
活字文化：羊之歌--我的回想 (日)加藤周一 翁家慧 北京出版社【可开电子发票】 【正品保证，进入店铺更多优惠！】,https://product.dangdang.com/11731764129.html,9787200150087
屋里的猫头鹰：张献戏剧集,https://product.dangdang.com/11547738584.html,9787200164244
柏林童年[德]瓦尔特?本雅明天津人民出版社9787201099354 正版旧书，保证质量，此书为单本而非一套，电子发票！,https://product.dangdang.com/11945104835.html,9787201099354
《半七捕物帐 全十册》书口喷绘书盒版！江户时代“福尔摩斯”！日本怪谈罪案集！69篇源自真人事件的探案故事！ 百万字全本全,https://product.dangdang.com/12100012201.html,9787201138183
"石川啄木 短歌 正版图书,下单速发,可开发票",https://product.dangdang.com/11939107886.html,9787201141176
长安客（《狂飙》高启强扮演者张颂文推荐，大唐版《人类群星闪耀时》，李白、杜甫、王维、白居易、元稹等八位诗人的命运特写） 他们是诗国闪耀的群星，他们是长安城里忧伤的年轻人。创造微博700万超级阅读量，当年长安城里的诗人，也和我们一样年轻又迷茫。果麦出品,https://product.dangdang.com/28558256.html,9787201153988
蛤蟆先生去看心理医生 李松蔚推荐 英国国民零基础心理咨询入门书 该不该去看心理医生请先看看这本书见证疗愈与改变的发生 新华书店正版，关注店铺成为会员可享店铺专属优惠，团购客户请咨询在线客服！,https://product.dangdang.com/1689792032.html,9787201161693
影梅庵忆语 纸短情长三部曲之一，后世无数忆语文，尽是后来者，包括《浮生六记》。 纸短情长三部曲之一，后世无数忆语文，尽是后来者，包括《浮生六记》。影梅庵忆语；冒襄；董小宛；关熙潮,https://product.dangdang.com/29141215.html,9787205098636
奔马（一頁文库·三岛由纪夫文集07） 纯粹之刃，少年之血 白鸟坠落般惊人的赴死 *争议、*体现“美与暴烈”的青春献祭式悲剧,https://product.dangdang.com/29224017.html,9787205100636
天人五衰（一頁文库·三岛由纪夫文集09） 三岛绝笔之作，艺术创作的极致终点 在希望破灭的废墟之上 盛放的鲜花与白骨,https://product.dangdang.com/29224019.html,9787205100704
全沉浸末日脚本（当代诗坛领军人物翟永明，暌违数年重磅新作） 当代诗坛领军人物翟永明，暌违数年重磅新作， 一次真正属于我们时代的女性诗歌再出发， 献给所有人的当代诗意观察与宇宙诘问,https://product.dangdang.com/29368366.html,9787205103064
姑获鸟之夏 罗振宇《阅读的方法》推荐,https://product.dangdang.com/29255492.html,9787208077928
涂佛之宴—宴之支度（上） 京极夏彦超长人气巨作汹涌来袭，六种妖怪一一现身荣获日本直木奖作家,https://product.dangdang.com/27882735.html,9787208096851
物尽其用:老百姓的当代艺术 巫鸿作品。中国老百姓默默收集与保存着爱的哲学，一本必须奉献给你的母亲父亲的书。,https://product.dangdang.com/29211539.html,9787208098107
2666(精装版） 21世纪伟大的作品，超过《百年孤独》的惊世之作，从伦敦到纽约，人人都爱波拉尼奥。,https://product.dangdang.com/29180462.html,9787208102019
守门员面对罚点球时的焦虑（2019年诺贝尔文学奖获奖者作品） 余华推荐！德语文学“活着的经典”，维姆·文德斯导演的同名电影原著小说，一场回归语言本质的冒险，一个在焦虑和孤独中渐渐迷失自我的人,https://product.dangdang.com/23167360.html,9787208108448
语言与沉默——论语言、文学与非人道,https://product.dangdang.com/23372282.html,9787208113954
我们都是食人族,https://product.dangdang.com/29848579.html,9787208138858
有顶天家族--二代目归来 世纪文景出品。《有顶天家族》续篇、森见登美彦京都“毛球物语”第2弹！同名动漫热播中，樱井孝宏、能登麻美子献声。随书附赠一套四张定制书签，正面是独具个性的小说金句，背面可拼成完整图。,https://product.dangdang.com/29223680.html,9787208144163
鸟·凶宅·牧歌 阿里斯托芬、普劳图斯、维吉尔，三大西方古典名家；希腊神话喜剧、罗马计谋戏剧、罗马田园诗，三篇世界文学经典；译界泰斗杨宪益，翻译文化终身成就奖得主，名家名译,https://product.dangdang.com/26514924.html,9787208155466
无尽的玩笑（豆瓣年度外国小说，行读图书奖获奖作品，天才作家华莱士旷世巨作，一部吸引你、激活你、重塑你的高能小说） 入选《时代》周刊百大英语长篇小说；黑洞般吸引力的高智商神作；预言当下成瘾和孤独的群体症候,https://product.dangdang.com/29549269.html,9787208161757
隐 孙甘露、止庵诚意推荐。呈现历史背面的春秋世界。捕捉《左传》里的诗意微光，关注乱世中的个人命运。,https://product.dangdang.com/28508782.html,9787208161795
杀鬼 甘耀明长篇代表作台北国际书展基金会书展大奖魔幻现实主义糅合新乡土书写 世纪文景【善水启迪图书 正版保真】 【本店支持开发票 如需帮助请联系客服】,https://product.dangdang.com/11878506290.html,9787208164703
美满 淡豹短篇小说集，在人海中打捞生活的骸骨，用现实的星星点点去注解幻想,https://product.dangdang.com/29000107.html,9787208165007
瓜亚基印第安人编年史（比肩《忧郁的热带》，击败时间的民族志书写） 比肩《忧郁的热带》，击败时间的民族志书写。师从法国国宝级人类学家克洛德·列维-斯特劳斯，美国当代小说大师保罗·奥斯特翻译本书英文版并作序推荐。,https://product.dangdang.com/29302692.html,9787208169517
我从哪里来（德国图书奖大奖、艾兴多夫文学奖获奖作品！） 《明镜周刊》畅销榜首，蝉联畅销榜75周！我出生在一个如今已经不复存在的国家，讲述南斯拉夫疯狂往事，轰动欧洲的文坛怪才。,https://product.dangdang.com/29256382.html,9787208169944
清末民国人口贩卖与家庭生活 师承史景迁，以复杂个体之集合勾勒不为人知的历史侧面；海量档案细节，以独特视角构筑真实丰满的晚清民国家庭生活,https://product.dangdang.com/29464371.html,9787208170841
雷蒙·鲁塞尔 米歇尔·福柯对法国文学家雷蒙·鲁塞尔作品中的隐喻、沉默、双关进行细致的解读 9787208172470 上,https://product.dangdang.com/11433337457.html,9787208172470
生者与余众（文学永远不会消亡，国际都柏林文学奖得主阿瓜卢萨新作） 获葡萄牙笔会小说奖，以澎湃的想象力，展现讲故事的巨大热情。,https://product.dangdang.com/29391401.html,9787208174252
莫须有（倪湛舸十年磨一剑，重述南宋冤案，再现岳云、岳雷、赵构、秦桧的幽微心理。虞云国、李修文、路内、赵松、刘勃竭诚推荐） 15:01入选2023得到年度书单?名单。每个人都在尽力，都在竭尽全力地做好自己该做的事，可这些错综复杂的事，终又将怎样网罗着我们，这群拼命挣扎的人？,https://product.dangdang.com/29400511.html,9787208175716
与父亲的奥德赛（古希腊英雄父子的传奇史诗，交叠当代父子的平凡人生。）,https://product.dangdang.com/29464369.html,9787208175839
中国艺术史(全新修订版) 上海人民出版社 新华书店正版，关注店铺成为会员可享店铺专属优惠，团购客户请咨询在线客服！,https://product.dangdang.com/11202197547.html,9787208176393
以鹰之名（《纽约时报》21世纪百大好书第40位，非虚构知名奖项塞缪尔约翰逊奖获奖作品） 一个骤失父亲的女儿，一位写出传世亚瑟王传奇的潦倒作家， 以鹰的名义，他们相隔百年却遥相呼应——有些伤口，永远不会愈合。,https://product.dangdang.com/29414260.html,9787208176584
明日传奇（横扫欧美各大年度好书榜单，绝妙的游戏玩家小说） 现象级畅销书《岛上书店》作者加·泽文重磅新作，亚马逊年度好书榜首，Goodreads读者票选年度小说。我们无法像游戏角色那样拥有无数次机会重新开始，但爱与热爱足以重写人生。,https://product.dangdang.com/29515756.html,9787208177895
悠悠岁月（2022年诺贝尔文学奖得主安妮·埃尔诺作品）,https://product.dangdang.com/12100008199.html,9787208178311
资本主义与精神分裂(卷2):千高原(修订译本)(法国哲学研究丛书·学术译丛) 让德勒兹与加塔利享誉全球的代表作！,https://product.dangdang.com/29549419.html,9787208178977
时间熊（2023年寒假百班千人 六年级推荐阅读书目）,https://product.dangdang.com/29484429.html,9787208180161
工厂日记 深入工厂的非虚构写作，感受劳动者的疾苦，对工作与自由的反思,https://product.dangdang.com/29570156.html,9787208181564
猎人们（朱天心的非典型猫书，钢筋混凝土丛林中的猫族豪侠传） 长销近二十载，新版载誉归来；10篇爱憎分明的文字+60余张街猫倩影，邂逅十数位个性迥异的“城市猎人”；钱永祥、孙歌撰文推荐，包慧怡、郑诗亮诚挚推荐,https://product.dangdang.com/29627072.html,9787208182851
海外中国研究·缀珍录：18世纪及其前后的中国妇女（古代女性研究著作。中国社会性别史研究领域里程碑式的著作。）,https://product.dangdang.com/29421496.html,9787214268761
海外中国研究·内闱：宋代妇女的婚姻和生活（古代女性研究著作。1995年列文森奖获奖作品。美国历史学会终身成就奖获得者伊沛,https://product.dangdang.com/29399872.html,9787214268808
绝迹动物古抄本——斯宾塞·布莱克医生的解剖手记 一本正经讲述不存在的事物。借一位不存在的狂医之手，为11种想象中的生物绘制解剖图。众筹3日筹资逾100 000。刘慈欣、马伯庸心动推荐。,https://product.dangdang.com/25196178.html,9787216092852
粤语字典粤语教材广州音字典 粤语正音字典 普通话对照 饶秉才著 学粤语的好书 广州话粤语 讲白话 广州方言书籍广州话正音 正版可开发票 请联系在线当当客服,https://product.dangdang.com/11947092981.html,9787218000503
大雅诗丛·坛子轶事 (美)华莱士·史蒂文斯(Wallace Stevens) 著 广西人民出版社【正版书籍】 正版图书，下单前请先咨询客服，欢迎选购！,https://product.dangdang.com/11737740740.html,9787219092101
冬日花粉：休斯文集（英国桂冠诗人特德·休斯重要的文集国内首次出版，多角度、多层次呈现特德·休斯这位“霹雳”一般的神秘诗人 英国桂冠诗人特德·休斯重要的文集国内首次出版，多角度、多层次呈现特德·休斯这位“霹雳”一般的神秘诗人,https://product.dangdang.com/29296942.html,9787219111192
莱斯博斯的玫瑰——亨里克?诺德布兰德诗选,https://product.dangdang.com/29628921.html,9787219115930
四川方言辞典【正版图书，满额减】 【速开发票，优质售后，支持7天无理由退换】,https://product.dangdang.com/11849158095.html,9787220091759
民国了:另类又真实的辛亥革命，一本打破对辛亥革命刻板印象的作品 另类又真实的辛亥革命，一本打破对辛亥革命刻板印象的作品，全新修订版新增绿茶手绘插图。从武昌举义写到清帝退位，重点着墨于各省的独立过程，作者强调回到历史现场，重现辛亥人看到、听到、感受到的辛亥革命。,https://product.dangdang.com/25201006.html,9787220104305
正版 王考 台湾当代文学史经典童伟格作品山村乡土长篇小说书籍,https://product.dangdang.com/11924427859.html,9787220113468
现货 无伤时代 联合报文学奖得主童伟格长篇小说 作废的美学伤废书写 当代小说书籍【畅享鑫龙专营店】 可开发票 如需请联系在线小当当客服,https://product.dangdang.com/11902247856.html,9787220113949
童伟格小说集：王考+无伤时代+西北雨（套装共三册） 正版书籍 七天无理由退换货【让您无忧购物】,https://product.dangdang.com/11924362768.html,9787220114632
近代能乐集 日三岛由纪夫 四川人民出版社 外国文学-各国文学 9787220115875,https://product.dangdang.com/11781937544.html,9787220115875
其后赖香吟 著四川人民出版社9787220119057 正版旧书，保证质量，此书为单本而非一套，电子发票！,https://product.dangdang.com/11945873445.html,9787220119057
瓦西里·焦尔金 特瓦尔多夫斯基诗选 四川人民出版社 新华书店正版，关注店铺成为会员可享店铺专属优惠，团购客户请咨询在线客服！,https://product.dangdang.com/11176035287.html,9787220125584
椰风蕉雨：南洋故事集 香港文学一代宗师刘以鬯沧海遗珠作品集 首次集结他任职新加坡、马来西亚时的小说作品 狮城繁盛、马来甘榜，南洋风雨淅沥纸上 娘惹佳人、南迁侨客，各色人物尽显异域风情,https://product.dangdang.com/29403369.html,9787220126338
文集,https://product.dangdang.com/12100013110.html,9787220126970
世界文学批评研究,https://product.dangdang.com/12100014511.html,9787220127267
【凤凰】房思琪的初恋乐园+冬将军的夏天全2册套装 林奕含甘耀明著 现当代文学小说作品散文集青春励志小说,https://product.dangdang.com/11914997036.html,9787221150646
小说集,https://product.dangdang.com/12100012773.html,9787222230071
亲爱的，和最亲爱的 菲茨杰拉德、泽尔达情书集中文版面世,https://product.dangdang.com/25166133.html,9787224122169
萨巫颂[伊朗]西敏·达内希瓦尔 著重庆出版社9787229051365 正版旧书，保证质量，此书为单本而非一套，电子发票！,https://product.dangdang.com/11916332313.html,9787229051365
蚱蜢：游戏、生命与乌托邦（三桅帆系列） 台版豆瓣9.2分！驳倒了维特根斯坦！游戏运动哲学史上经典之作！多伦多大学名誉校长，剑桥大学、耶鲁大学知名哲学教授强烈推荐！玩游戏，就是自愿去克服非必要的障碍。游戏是未来的线索。,https://product.dangdang.com/29406188.html,9787229166588
月海电台（翟永明、程靖波、骑桶人联袂推荐 科幻小说行业资深策划的十年脑洞） 在山川、风月、宇宙、人心间，用幻想小说进行一场独特的美学实验,https://product.dangdang.com/29465511.html,9787229170103
易经 苏勇 北京大学出版社 苏勇 点校 苏勇 点校 北京大学出版社【可开电子发票】 【正品保证，进入店铺更多优惠！】,https://product.dangdang.com/11750578801.html,9787301007617
游戏的人：文化的游戏要素研究 荷兰著名文化史学者约翰·赫伊津哈的代表作，从游戏的角度阐述了游戏与人的文化进化的相关性。,https://product.dangdang.com/25199666.html,9787301249109
大河与大国+美国史+美国人民+美国货币史+美国民主的悖论+何谓“美国”？,https://product.dangdang.com/12100012970.html,9787301332726
（布朗肖作品集）黑暗托马,https://product.dangdang.com/29697585.html,9787305103568
哲学家和他的穷人们 (法)雅克·朗西埃 张一兵 蒋海燕 南京大学出版社【正版书籍】 正版图书，下单前请先咨询客服，欢迎选购！,https://product.dangdang.com/11737671120.html,9787305138287
（布朗肖作品集）那没有伴着我的一个,https://product.dangdang.com/28538639.html,9787305146435
魔沼 618正品图书限时直降！6.13-6.20全场叠加满49-5，99-10，149-15！,https://product.dangdang.com/11163927886.html,9787305177361
法国文学经典译丛//月神园,https://product.dangdang.com/24216364.html,9787305177385
（当代激进思想家译丛）无身体的器官 知名段子王、炫酷哲学家齐泽克致力于重建一个超出人们常识的更为真实、更为激进的德勒兹。这是他们之间的相遇，而非对话。本书献给那些假想的自由的神奇时刻，也献给那些被回到“正常”现实所困扰的希望。,https://product.dangdang.com/27950375.html,9787305209635
理想国译丛·不敢懈怠：曼德拉的总统岁月（NO：034） 接续《漫漫自由路》，曼德拉自述面临的艰难与挑战，总统任上的坚持与妥协 带领南非摆脱殖民和种族隔离的遗产，放下仇恨，成为转型与和解的典范,https://product.dangdang.com/26912927.html,9787305214035
理想国译丛014 布达佩斯往事：冷战时期一个东欧家庭的秘密档案【正版图书，满额减】 【速开发票，优质售后，支持7天无理由退换】,https://product.dangdang.com/11820119215.html,9787305218415
无意识的文明（现代人小丛书） 加拿大总督文学奖非虚构类获奖作品，全方位勾勒落入法团主义之手的文明。,https://product.dangdang.com/27911917.html,9787305220944
（现代人小丛书）现代性的隐忧：需要被挽救的本真理想 “成为你自己！” 用个人主义的本真性追求对抗现代社会的忧虑。,https://product.dangdang.com/29156320.html,9787305234859
（女书系）如何抑止女性写作 雨果奖、星云奖得主，女性主义科幻小说家乔安娜·拉斯，悉数女性写作遭遇的重重阻力，一举揭穿文学界的厌女症传统。,https://product.dangdang.com/29164293.html,9787305237300
（守望者·文学）处心积虑 缪丽尔·斯帕克，“50位伟大英国作家”之一，《布罗迪小姐的青春》作者，备受伊夫林·沃、格雷厄姆·格林等作家推崇。本书为布克奖入围作品，一趟奇妙的文学兜风之旅，讲述二十世纪独立文学女性的伦敦奇遇。。,https://product.dangdang.com/29370898.html,9787305247026
它乡何处？ 骆以军：“这是一门现代人（不分大人、小孩）的必修课。,https://product.dangdang.com/29402950.html,9787305250279
真实眼泪之可怖 正版非全新作者: [斯洛文尼亚] 斯拉沃热·齐泽克 译者: 穆青售价高于定价 武汉大学出版,https://product.dangdang.com/11590618360.html,9787307175266
"迷影：创发一种观看的方法,书写一段文化的历史[法]安托万·德巴克 著武汉大学出版社9787307224896 正版旧书，保证质量，此书为单本而非一套，电子发票！",https://product.dangdang.com/11945731555.html,9787307224896
媒介与文明译丛,https://product.dangdang.com/12100013055.html,9787309158403
传播学:历史理论与哲学 威廉弗卢塞尔作品集 传播学研究 传播理论系统化 传播研究方法与写作书籍 978730916417,https://product.dangdang.com/11877470723.html,9787309164176
杨宪益杨苡兄妹译诗：“中国传奇兄妹翻译巨匠”倾情巨献 一代影星林青霞，青年演员、歌手姚弛，倾情推荐；毕飞宇、范玮丽、黄乔生联袂推荐,https://product.dangdang.com/29449922.html,9787500170693
我的舅舅杨宪益：翻译泰斗杨宪益最后十年生活的真实记录 一代影星林青霞，青年演员、歌手姚弛，倾情推荐；蔡玉洗、范玮丽、黄乔生、黄友义、金圣华、李洱、李景端、陆建德、叶兆言、余斌、周立民诚挚推荐。,https://product.dangdang.com/29449921.html,9787500170709
"兰州方言词典 张文轩,莫超 著 中国社会科学出版社【放心购买】 正版图书，下单前请先咨询客服，欢迎选购！",https://product.dangdang.com/11738390630.html,9787500477051
阶梯与狂热：一部书籍文化史（阅读史、书籍文化史、一本关于书的书）,https://product.dangdang.com/29321227.html,9787500877332
狗狼之间,https://product.dangdang.com/11487009918.html,9787500881391
冥界的秩序：中国古代墓葬制度概论,https://product.dangdang.com/23898059.html,9787501044474
太古正音琴谱——奎文萃珍 （全二册） 收录了中国古代著名的琴曲四十余种，是中国古琴文化的重要资料。,https://product.dangdang.com/28523159.html,9787501063734
《唐女郎鱼玄机诗》史话,https://product.dangdang.com/27873467.html,9787501366637
正版 妙无余 中国藏书印的历史与文化 王玥琳 著 国家图书馆出版社9787501372041【铭悦文化 保证正版】,https://product.dangdang.com/11794483515.html,9787501372041
二手正版！中国十大禁书 淡蓝色防伪字体 (全十二册) 剪燈新话 醋葫芦 品花宝鉴 隔簾花影 国色天香 空空幻 红楼春梦 【本店支持开发票 如需帮助请联系客服】,https://product.dangdang.com/11869478824.html,9787503411700
"双重幻想 (日)村山由佳 著,高培明 译 文化艺术出版社【售后无忧】 正版图书，下单前请先咨询客服，欢迎选购！",https://product.dangdang.com/11739927300.html,9787503951169
方花与翼兽：汉画像的奇幻世界 “汉学大系”系列图书。透过1800多年前刻在石头上的画像，走进汉代光怪陆离的奇幻世界,https://product.dangdang.com/29190820.html,9787503970030
清末民初文献丛刊:古镜图录 罗振玉 朝华出版社【正版书籍】 正版图书，下单前请先咨询客服，欢迎选购！,https://product.dangdang.com/11739981950.html,9787505442894
妇女修养谈(精)/清末民初文献丛刊,https://product.dangdang.com/1425706136.html,9787505443334
告别吧！ 西加奈子代表作 日本直木奖获奖作品 本屋大赏 畅销小说 告别活在别人眼中的过去，才能找到真正的自己。【德智图书,https://product.dangdang.com/12312753537.html,9787505743311
空的空间 （郭京飞推荐） 濮存昕作序推荐，林兆华、赖声川推崇备至，英国国宝级大师、莎士比亚戏剧诠释者书写的传世名著。被译为近20种语言、全新打磨译本，彼得·布鲁克特别寄语中国读者，不走进“空的空间”，无从谈论20世纪以来的戏剧,https://product.dangdang.com/27947891.html,9787505748255
她厌男，她是我女友/[韩]闵智炯 [韩]闵智炯 中国友谊出版公司 【新华书店正版全新书籍】 电子发票 正版保证 多仓就近发货,https://product.dangdang.com/11888358989.html,9787505755963
一个人的城堡 黄昱宁 著 东方出版社【售后无忧】 正版图书，下单前请先咨询客服，欢迎选购！,https://product.dangdang.com/11740080990.html,9787506036771
神话朱大可 著东方出版社9787506052788 正版旧书，保证质量，此书为单本而非一套，电子发票！,https://product.dangdang.com/11916274803.html,9787506052788
幽明录【正版图书，满额减】 【速开发票，优质售后，支持7天无理由退换】,https://product.dangdang.com/11863526331.html,9787506094757
本质【正版图书，满额减】 【速开发票，优质售后，支持7天无理由退换】,https://product.dangdang.com/11820432815.html,9787506318501
黄雀记 苏童长篇小说 时代生活的惶惑 脆弱和逼仄 现当代文学爱情小说书 妻妾成群三毛张爱玲严歌苓北鸢葛亮 我的帝王生涯 亲爱的顾客，本店谢绝恶意差评，有问题及时联系客服，赠品随机可开发票。,https://product.dangdang.com/11147665803.html,9787506369916
人间失格（日本小说家太宰治代表作，一个对村上春树影响至深的绝望凄美故事） 超燃！“丧文化”流行，《人间失格》受到读者高度欢迎与关注！收录作者绝笔之作《Good bye》。一个“丧失为人资格”少年的心灵独白，一个对村上春树影响至深的绝望凄美故事。,https://product.dangdang.com/23761145.html,9787506380263
邹静之戏剧集（增补本） 作家邹静之的戏剧剧本集，包含4部话剧剧本、3部歌剧剧本和1部京剧剧本。《我爱桃花》是一部探讨婚外恋问题的后现代剧。,https://product.dangdang.com/23978259.html,9787506386333
一个南方的生活样本 一部跳荡着激情与火光的小说，长篇巨作《人类学》精神前传,https://product.dangdang.com/25283840.html,9787506395229
夜神科尔内尔 20世纪匈牙利文学黄金时期殿堂级作家、“高贵中的*贵者”科斯托拉尼·德若作品国内首次推出。,https://product.dangdang.com/25219148.html,9787506396677
死亡间歇【正版图书，满额满减，咨询更优惠】 【速开发票，优质售后，支持7天无理由退换】,https://product.dangdang.com/11822743332.html,9787506397810
石筏 若泽-萨拉马戈 著 9787506397827 作家出版社 【速开发票，优质售后，支持7天无理由退换】,https://product.dangdang.com/11932262324.html,9787506397827
内衣课【正版书籍，满额减】 【速开发票，优质售后，支持7天无理由退换】,https://product.dangdang.com/11820825675.html,9787508656120
租界 一九三一年的上海 一场虚幻的历史往事；贾樟柯 麦家 张大春 梁文道 力荐；李敬泽 作序；意、英、法、德、荷五国语言版本接踵推出；《租界》影视剧火热筹备中；租界就是一方舞台，有人在上面表演，有人隐在幕后,https://product.dangdang.com/25246850.html,9787508671833
痛苏菲卡尔 著 哈苏摄影奖获得者 法国先锋艺术家作品 爱与痛的行为艺术 失恋 痛苦 疗愈,https://product.dangdang.com/11907081942.html,9787508672205
海盗奇谭,https://product.dangdang.com/11854408836.html,9787508677989
美术的诱惑 (日)宫下规久朗 中信出版社 【新华书店正版全新书籍】 电子发票 正版保证 多仓就近发货,https://product.dangdang.com/11801855349.html,9787508685885
我的爱猫奇洛 132幅小猫黑白照片，2000字亲笔手书，温柔呈现荒木经惟内心深处对爱猫、亡妻无边的爱与思念,https://product.dangdang.com/29220165.html,9787508689142
梦游之地【正版图书，满额减】 【速开发票，优质售后，支持7天无理由退换】,https://product.dangdang.com/11849154455.html,9787508690797
苔 周恺 著 90后新锐作家周恺史诗级小说 作家苏童 叶兆言 于坚 韩东鼎力推荐中信出版社图书 正版书籍,https://product.dangdang.com/628745832.html,9787508691923
有货正版 【正版现货促销】荒木经惟为中国的大全集 摄影书籍 A 中信出版集团 9787508692814,https://product.dangdang.com/11531297074.html,9787508692814
止痛毒丸 药王家族与致命药瘾 (美)巴里·迈耶 当代世界出版社 【新华书店正版图书书籍】 正版全新书籍 正规发票 多仓就近发货 85%城市次日送达 关注店铺可享店铺优惠!,https://product.dangdang.com/11762075907.html,9787509016992
撒马尔罕的金桃 唐代舶来品研究 薛爱华的西方汉学名著 甲骨文丛书 西域粟特丝绸之路 社科文献出版社正版 新华书店正版，关注店铺成为会员可享店铺专属优惠，团购客户请咨询在线客服！,https://product.dangdang.com/1167402582.html,9787509780640
中古中国门阀大族的消亡(精),https://product.dangdang.com/1439882590.html,9787509799710
孤独及其所创造的 (美)保罗·奥斯特(Paul Auster) 九州出版社【售后无忧】 【正品保证，进入店铺更多优惠！】,https://product.dangdang.com/11750912101.html,9787510874826
旱魃 莫言心中的文学先驱，新京报2018年度十大好书——朱西甯先生长篇小说经典大陆首次出版 “我庆幸现在才看到《旱魃》，否则我将失去写作《红高粱》的勇气。”,https://product.dangdang.com/25573763.html,9787510875304
都是人民群众魏思孝 著九州出版社9787510892745 正版旧书，保证质量，此书为单本而非一套，电子发票！,https://product.dangdang.com/11945994875.html,9787510892745
防风林的外边【正版书籍，满额减】 【速开发票，优质售后，支持7天无理由退换】,https://product.dangdang.com/11820950145.html,9787510893735
欲望，奇异:日本帝国主义的生生死死，1895-1945 马克弟 中央编译出版社【售后无忧】 【正品保证，进入店铺更多优惠！】,https://product.dangdang.com/11731732129.html,9787511731845
身为女性的选择 上野千鹤子2023全新力作 写给所有女性的清醒之书 突破父权大胆豪放直言 另著厌女始于极限从零开始的女性 新华书店正版，关注店铺成为会员可享店铺专属优惠，团购客户请咨询在线客服！,https://product.dangdang.com/11374343097.html,9787512514959
我的赛克洛斯[日]山白朝子 著；徐嘉悦 译新星出版社9787513341011 正版旧书，保证质量，此书为单本而非一套，电子发票！,https://product.dangdang.com/11946169885.html,9787513341011
马里乌波尔三部曲,https://product.dangdang.com/12100012495.html,9787513342988
必见辽阔之地（余华推荐。在我们这屁大的小城，没有什么比爱更可耻。赠怀旧车票书签） 在我们这屁大的小城，没有什么比爱更可耻。余华推荐，孙一圣长篇小说！怪诞、奇崛、突兀，局促的青春，蓬勃的狂想。赠怀旧车票书签,https://product.dangdang.com/29418761.html,9787513348669
起初·纪年（王朔新书，埋头十五年压卷之作！中国当代小说新高度） 这是一代帝王的故事，但归根结底，是人的故事。亦庄亦谐，亦真亦幻，有嬉笑怒骂，也有荡气回肠。王朔超越了他自己。,https://product.dangdang.com/29444321.html,9787513349437
它们的性（深圳读书月“年度十大好书”）（牛津博士王大可研究100种动物性行为，反思人类该如何爱、如何活？） 牛津博士王大可研究100种动物性行为，反思人类该如何爱、如何活？直击动物求偶、交配、带娃的有趣话题，建立新知，颠覆常识，让你在大笑和恍然大悟间思考人类。黄章晋、尹烨、邢立达、张劲硕诚挚推荐！,https://product.dangdang.com/29434057.html,9787513349598
盐镇（刀锋图书奖、深圳读书月“年度好书”，毕飞宇、阿来、罗新、梁鸿、许知远、毛尖 赤诚推荐!） “她们的命运里，有你所不了解的中国。”一本深度书写中国乡镇女性生活与命运的佳作，它让男人、女人重新被定义，也让苦难重新被定义。每个人的记忆中都有这样一个盐镇。,https://product.dangdang.com/29508765.html,9787513351201
太后西奔：帝国晚期的仓皇与激荡 （赠阅《太后西奔》悦读攻略手册——西狩路线图时间表，再现地理场景中权贵的仓皇和历史的吊诡 入选2024得到年度书单TOP15！！历史重大关头的走向，真的是由理性的人做出的理性决策所左右的吗?,https://product.dangdang.com/29602773.html,9787513352512
横断浪途（阿来力荐，七堇年再出发之作，一场走向群山也走向内心的壮游！） 七堇年SHOU部旅行随笔。三年时间，穿越横断山脉三万里，走过四十个地方，在中国蕞神秘地质带，触摸风景、文化、观念的断层。在天地辽阔中，抵达生命的和解，走到人生深处。,https://product.dangdang.com/29617015.html,9787513352673
跑去她的世界 随书附赠明信片！（豆瓣2024年度图书—科幻·奇幻榜 第10名！！）韩松、陈楸帆、福豆姐姐、谈亦默诚意推荐！ 每个困在痛苦中的人，都能在书里找到自己。 献给不敢哭泣的你。,https://product.dangdang.com/29778148.html,9787513357371
嫏嬛文集,https://product.dangdang.com/22793645.html,9787513402439
西湖梦寻 张岱著 明清美文 竖版 故宫出版 纸上故宫【善水启迪图书 正版保真】 【本店支持开发票 如需帮助请联系客服】,https://product.dangdang.com/11885192690.html,9787513413824
船 【速开发票，优质售后，支持7天无理由退换】,https://product.dangdang.com/11872217629.html,9787513560368
耶路撒冷三千年+大人物的世界史+历史的声音 第十届文津奖获奖图书 西蒙蒙蒂菲奥里 世界为何演变成今天的模样外国宗教历史,https://product.dangdang.com/11808636107.html,9787513903509
醋葫芦 宣纸线装一函全四册【善水启迪图书 正版保真】 【本店支持开发票 如需帮助请联系客服】,https://product.dangdang.com/11882101210.html,9787513905008
邦查女孩,https://product.dangdang.com/11818333514.html,9787514223408
猫城记 老舍长女舒济。一个文明的灭绝是比一个人的死亡更不自觉地的……被译为日、法、英、德、俄等多种语言。 读懂了《猫城记》，就读懂了思想罪与毁灭。阅读。,https://product.dangdang.com/25268608.html,9787514370409
花开未觉岁月深：二十四节气七十二候花信风 二十四节气民俗解析，七十二候植物鉴赏，一百多年前日本画家巨势小石手绘原稿，佐以一百四十四首古典诗词畅读， ?内附二十四张《七十二候名花画帖》可涂色黑白线稿，十五日染一图，染尽而一年花事毕，可缓缓归矣,https://product.dangdang.com/25314075.html,9787514616293
四库全书小说家类：山海经 (晋)郭璞注 中国书店【正版书籍】 正版图书，下单前请先咨询客服，欢迎选购！,https://product.dangdang.com/11737556810.html,9787514918939
白云阁藏本伤寒杂病论 以桂林古本参校,https://product.dangdang.com/25222051.html,9787515215372
坏设计 赵静 突破常规和束缚探讨设计中的可能 最后两本【铭悦好书】,https://product.dangdang.com/11720819232.html,9787515364667
藏书票之话 日本藏书票鼻祖斋藤昌三力作，被誉为“东方藏书票的圣经”！,https://product.dangdang.com/29292017.html,9787515522050
明代类书体小说集研究 刘天振 中国社会科学出版社【售后无忧】 正版图书，下单前请先咨询客服，欢迎选购！,https://product.dangdang.com/11739432840.html,9787516142332
照夜白:山水、折叠、循环、拼贴、时空的诗学 韦羲 台海出版社【正版书籍】 【正品保证，进入店铺更多优惠！】,https://product.dangdang.com/11750390601.html,9787516810040
单读 18 都市一无所有【正版书籍，满额减】 【速开发票，优质售后，支持7天无理由退换】,https://product.dangdang.com/11821195245.html,9787516820759
绣罗衣裳 中国纺织出版社有限公司 新华书店正版，关注店铺成为会员可享店铺专属优惠，团购客户请咨询在线客服！,https://product.dangdang.com/1662262632.html,9787518068241
病玫瑰：疾病与医学插画的艺术 安能无恙！10种流行疾病挑战你的审美底线。 拥有并维持一副躯体，是否令你精疲力竭？ 装帧佳，口味重，不建议上瘾。,https://product.dangdang.com/27920777.html,9787519264109
甲骨文丛书·反对选举,https://product.dangdang.com/25309513.html,9787520128780
甲骨文丛书·六论自发性：自主、 尊严， 以及有意义的工作和游戏,https://product.dangdang.com/26914272.html,9787520142625
国家的视角 那些试图改善人类状况的项目是如何失败的 詹姆斯C斯科特 思想会丛书 政治理论书籍 正版书籍当当自营 新华书店正版，关注店铺成为会员可享店铺专属优惠，团购客户请咨询在线客服！,https://product.dangdang.com/1506280612.html,9787520145930
龙王的嬗变：白族水神信仰体系的人类学透视 从道教三官之水官，巫教的毒蛇、金鱼、金螺，到佛教龙王难陀、白难陀等，再到本土水神段赤城，以人类学视野揭秘洱海之滨白族水神信仰演变。,https://product.dangdang.com/28998291.html,9787520164719
异国事物的转译(近代上海的跑马跑狗和回力球赛)(精) 团购优惠，咨询在线客服,https://product.dangdang.com/1724273105.html,9787520167666
见鬼：中国古代志怪小说阅读笔记 篇篇妖魔鬼怪，字字人情世态 “海上说鬼人”有鬼君的开笔之作,https://product.dangdang.com/28512971.html,9787520712507
海鲜饭店 王侃瑜 著 彗星科幻国际短篇竞赛优胜奖 多次荣获全球华语科幻星云奖 严锋 宋明炜 刘宇昆 陈楸帆联袂【锦园文化 可开票 如需请联系在线客服,https://product.dangdang.com/11911970656.html,9787521207088
黄永玉诗集：见笑集（平）黄永玉最新诗集亲绘内外封150余首诗赠2张木刻纪念票 黄永玉诗集，亲绘内外封，1947-2021，150余首，赠2张木刻纪念票,https://product.dangdang.com/29308644.html,9787521215182
读书读人读物 金克木编年录 黄德海 撰 金克木先生近九十载人生集撰编年 作家出版社 新华书店正版，关注店铺成为会员可享店铺专属优惠，团购客户请咨询在线客服！,https://product.dangdang.com/11180662637.html,9787521215885
港漂记忆拼图（漂泊在超级城市的孤独灵魂之歌；蔡骏、葛亮、杨庆祥、陈楸帆推荐）,https://product.dangdang.com/29614761.html,9787521223385
"燃烧的法庭(约翰.迪克森.卡尔作品) 与阿加莎、奎因并称“推理黄金时代三大家”,“密室之王”卡尔三大神作之一，欧洲新本格的开山之作",https://product.dangdang.com/29225273.html,9787521323863
1945：短篇小说集 二战东欧【畅享鑫龙专营店】 可开发票 如需请联系在线小当当客服,https://product.dangdang.com/11930121006.html,9787521340983
万玛才旦作品系列 中信出版社官方旗舰店,https://product.dangdang.com/11730834434.html,9787521702996
传统文化,https://product.dangdang.com/11732909494.html,9787521703665
作家榜/人间失格太宰治正版 无删减插图珍藏芥川奖直木奖得主【博仕文化专营店】 正版图书 可开发票 如需帮助请联系在线客服,https://product.dangdang.com/11892592528.html,9787521703955
正版图书赖声川剧作集(全9册)赖声川9787521704167中信出版社任选,https://product.dangdang.com/11780863128.html,9787521704167
自杀式疗愈 一部用六天写完的小说，提名美国国家图书奖。一本关于爱情、疾病、绝望和背叛的诊疗手册。女人负责教导男人认识世界，男人的身份和过往，无人知晓。,https://product.dangdang.com/27889539.html,9787521704280
袁凌作品,https://product.dangdang.com/12100016306.html,9787521704471
她的名字是（迪丽热巴同款机场书） 《82年生的金智英》作者又一力作，《她的名字是》深度对谈六十余人，她们共同的名字是“女性”。《82年生的金智英》中没能讲完的她们的故事以多彩的形式，在《她的名字是》中更加坚定有力地展现出来。,https://product.dangdang.com/28480283.html,9787521710250
韩炳哲作品系列 娱乐何为 倦怠社会 叙事的危机 时间的香气 大地颂歌,https://product.dangdang.com/11560737528.html,9787521710557
透明社会 德国哲学界的新星、新生代哲学家韩炳哲，回归哲学的人文传统和批判传统，独辟哲学写作新境界，以哲学小品文的简练和犀利，照察当今社会情状和人类心灵，洞穿数字媒体时代的群体狂欢和孤独个体之镜像！,https://product.dangdang.com/28473410.html,9787521710571
中国古典小说/玄幻小说 青春文学,https://product.dangdang.com/12100013084.html,9787521712391
逝物录（记录12件已在地球上永久消逝的事物：真正逝去的，是被遗忘的，因为记得，所以活着。） 记录12件已在地球上永久消逝的事物：真正逝去的，是被遗忘的，因为记得，所以活着。,https://product.dangdang.com/28533251.html,9787521713756
正版图书 虽然想死，但还是想吃辣炒年糕白世熙中信9787521715491任选,https://product.dangdang.com/11780785328.html,9787521715491
春山好(作家苏枕书突破转型之作，以一颗柔软的心探求真理，直面晦暗艰难，仍觉春山尚好。) 作家苏枕书突破转型之作，以一颗柔软的心探求真理，直面晦暗艰难，仍觉春山尚好。,https://product.dangdang.com/29114574.html,9787521718089
梦境收割者 鲁迅文学奖、人民文学奖得主鲁敏全新中短篇小说集 繁荒故事十则 都市生活的现在进行时,https://product.dangdang.com/29148619.html,9787521722123
无限的网：草间弥生自传（波点女王草间弥生亲笔自传，官方授权中文版。“是艺术救了我！”） 波点女王草间弥生亲笔自传，官方授权中文版。“是艺术救了我！”天才艺术家强烈而鲜明的一生，把艺术当作人生解药，坦诚至深的另类自传。,https://product.dangdang.com/29172316.html,9787521722994
有人跳舞 辽京著 新婚之夜 晚婚作者辽京新小说集 生活现场的“人性观察员” 实力小说家辽京写作生涯的里程碑 中信出版社,https://product.dangdang.com/12100011565.html,9787521725353
少年、胭脂与灵怪 90后作家周恺短篇小说集 阎连科、于坚、翟永明、梁鸿、韩东、孙一圣 诚挚推荐 每个人心中都有一个少年，一抹胭脂，一只灵怪,https://product.dangdang.com/29275436.html,9787521732962
雅众电影系列 中信出版社官方旗舰店,https://product.dangdang.com/11600288894.html,9787521735024
全新 故事只讲了一半 万玛才旦 著 9787521736779,https://product.dangdang.com/11783424598.html,9787521736779
海错图笔记（套装全4册）（专享印签透卡1张+明信片3张）,https://product.dangdang.com/12100010611.html,9787521739336
马克洛尔的奇遇与厄运 阿尔瓦罗·穆蒂斯 著 塞万提斯奖得主作品 影响《百年孤独》命运的人 中信出版社 去往世界的每一个港口 用不断失败把人生过得波澜壮阔！ 塞万提斯奖得主阿尔瓦罗·穆蒂斯 影响《百年孤独》命运的人 我们都是马克洛尔。——马尔克斯,https://product.dangdang.com/29450612.html,9787521739824
电影系列书,https://product.dangdang.com/12100013553.html,9787521740806
有货正版 宇宙重建了自身：佩索阿诗精选 [葡萄牙]费尔南多·佩索阿程一身 中信出版社 9787521741230,https://product.dangdang.com/11533098784.html,9787521741230
日常深处,https://product.dangdang.com/12100014020.html,9787521743883
上京（黄锦树、阿乙力荐！现代主义×民国北京。十月文学奖得主李唐新作） 黄锦树、阿乙力荐！现代主义×民国北京：软弱刺客，逢乱世、被激活、逐新生。十月文学奖得主李唐突破之作,https://product.dangdang.com/29504238.html,9787521749731
蚁【赠人物关系图 电影索引片单 票根书签】奥斯卡金像奖得主 暖暖内含光编剧查理考夫曼长篇小说 中信出版社,https://product.dangdang.com/12100011570.html,9787521754896
蚁【赠人物关系图 电影索引片单 票根书签】奥斯卡金像奖得主 暖暖内含光编剧查理考夫曼长篇小说 中信出版社,https://product.dangdang.com/12100011570.html,9787521758757
怪物解剖学 一本书读懂怪物的诞生！日本暗黑美学名家，盘点历史各色怪物，透过神秘学、炼金术、文学、神学与精神分析，带你窥探被造之物的虚幻与真实！,https://product.dangdang.com/29349081.html,9787522505169
八九十枝花 沈书枝 著， 新经典 出品 北京十月文艺出版社 【新华书店全新正版图书】,https://product.dangdang.com/11903970099.html,9787530219478
竹笑：同芥川龙之介东游 诗人柏桦全新诗集 探幽日式美学与文化 绘制“文本织锦” 直击“纯粹的美”,https://product.dangdang.com/28497187.html,9787530219850
飞鸟和池鱼（李一诺感动推荐！70后海外女作家张惠雯，讲述悲喜交加的还乡故事，照见中国式县城生存的暗淡与希冀） 对于记忆和时间而言，你、我都是还乡者,https://product.dangdang.com/29228416.html,9787530221174
流俗地 黎紫书 著《亚洲周刊》2020年度十大小说 一部独具女性力量 展现女性成长的小说 王德威王安忆董启章倾力推荐 新华书店正版，关注店铺成为会员可享店铺专属优惠，团购客户请咨询在线客服！,https://product.dangdang.com/650254385.html,9787530221280
久别重逢（《我是范雨素》作者长篇小说） 人生是颗菜籽命，落到肥处是棵菜，落到瘦处是根苔,https://product.dangdang.com/29494088.html,9787530222294
我的寂寞是一条蛇(冯至的诗)(精)/星空诗丛,https://product.dangdang.com/11827238496.html,9787530678787
杀像之意：废名的诗废名 著；微言文化 出品；有容书邦 发行百花文艺出版社9787530678886 正版旧书，保证质量，此书为单本而非一套，电子发票！,https://product.dangdang.com/11946353745.html,9787530678886
国际大奖小说--魔镜 ★西班牙安徒生文学奖获奖作品。能够看到未来的魔镜会让人生更好吗？《魔镜》告诉你：未来掌握在自己手里，如果不努力，再好的未来都会变得糟糕。,https://product.dangdang.com/29474717.html,9787530751152
【学校暑期读书】老残游记(足本典藏)中国古典文学名著刘鹗晚清四大谴责小说之一中国古典文学小说孽海花官场现形记同类书,https://product.dangdang.com/11471900508.html,9787531728979
晚清四大谴责小说系列 全套4册5本 中国古典文学原著全本无删减二十年目睹之怪现状官场现形记孽海花老残游记完整版书籍,https://product.dangdang.com/11878231924.html,9787531728986
世说新语完整版 中华传统国学名著 全本 雅量 原版 初中生阅读书籍h九年级七年级上册 刘义庆原著无删减 原文译文注释k,https://product.dangdang.com/11347047008.html,9787531730354
琴之空音 【赠书签】日本知名作家的短篇心理悬疑小说集 琴之空音 鬼才的迷局 夏目漱石 芥川龙之介 江户川乱步 梦野久作 谷崎润一郎,https://product.dangdang.com/29562944.html,9787531757573
正版包邮 长篇小说：驱魔 9787532163465 上海文艺出版社 韩松 著,https://product.dangdang.com/11536566882.html,9787532163465
单读书系,https://product.dangdang.com/12100016636.html,9787532174331
蒯乐昊作品（单读新书）,https://product.dangdang.com/12100016722.html,9787532177677
"不检点与倍缠绵书 彭剑斌悔弃而又拾回的少作,不期然而然窖藏十几年的陈酿 一部关于在异乡生活与写作的书—— 一个文学青年如何跑业务？一个业务员如何献身写作？ 一段从现实滑入梦境的漫无止境之路—— 从散发着一股难闻气味",https://product.dangdang.com/29149716.html,9787532178094
北方厨房：一个家庭的烹饪史（以美食为名的记忆之书，我们真正怀念的不是菜的味道，而是做菜的人） 马伯庸×金宇澄×笛安推荐。《你好安娜》作者蒋韵非虚构。一个人的胃，就是一个家族的史记。厨房里的女性简史。离开厨房，女性才开始蜕变。,https://product.dangdang.com/29288440.html,9787532179084
单读：全球真实故事集（全2册。单读26+单读40）,https://product.dangdang.com/29856398.html,9787532179251
竟然是真的（单读书系） ★继《出神》《毫无必要的热情》《无中生有》之后，作家刘天昭本诗集 ★是人生中途偶尔的诗，密林中闪烁的鸟儿；是羁绊中的豁然，混沌中的光。,https://product.dangdang.com/29284890.html,9787532180110
潮汐图（当当专享刷边签名本，2022年宝珀文学奖首奖作品，2021收获文学榜·长篇小说第二名，南中国蛙形少女的季风之旅， 扬子江文学评论年度长篇小说、亚洲周刊十大小说、PAGEONE文学赏首赏、宝珀理想国文学奖首奖。梁文道、黄德海、杨庆祥推荐阅读,https://product.dangdang.com/29728134.html,9787532180141
利马之梦——晓宇的拉美笔记 ★一个身陷志业危机的学术青年投身现实世界，直面当下年轻人的诸多困境：如何创造实践的路径、找到自己的位置、投入真实的生活？ ★推翻“纸牌屋”式的政治想象，进入一场总统大选的幕后，反思知识与行动的关系,https://product.dangdang.com/29298948.html,9787532180295
单读27·死里逃生：2021原创小说选 洪水、疫情、气候……世界危机四伏，我们“死里逃生”。今天的文学，如何描述我们当下的心灵状况？首次以别册形式推出“中英小说对读”，首发2019年爱尔兰图书奖年度短篇小说入围作品《情陷亚历克斯·韦伦》,https://product.dangdang.com/29295571.html,9787532180486
爱欲与哀矜,https://product.dangdang.com/12100016001.html,9787532180523
春天来临的方式 全女性创作者阵容，当代中国幻想小说国际合作项目，英文版海外同步推出,https://product.dangdang.com/29364102.html,9787532181353
取出疯石（第四届PAGEONE文学赏首赏作品，西川作序推荐，文学新人类周婉京的酷小说合集） 作家、学者、艺术评论人周婉京短篇小说集；我们都是城市里的异乡人，过着主流之外的边缘生活；滚滚向前的狂野叙事，带来前所未有的酣畅阅读体验！,https://product.dangdang.com/29420818.html,9787532181971
通宵俱乐部（单读新书018） 阿乙全新随笔集，1996—2020年，一个作家的全部精神世界。 自由的超文体写作，开启心灵间的对话，在博尔赫斯、曹雪芹、普鲁斯特的作品里穿行，坦露创作的动机与困境。在文字的世界里通宵达旦、不眠不休。,https://product.dangdang.com/29471268.html,9787532183029
"我害怕生活（全5册：01必须冒犯观众,02捕风记，03王小波的遗产，04致你，05戎夷之衣；单读新书017） 有一个人，在生活中经历了漫长的贫乏与胆怯，却在断断续续挣扎不休的写作里，看见了一丝亮光",https://product.dangdang.com/29467678.html,9787532183418
寂静连绵的山脉（一份关于渺小个体的、令人欣泣皆非的“心灵突破史”。） 书写飘泊无定的业务员生涯中遭遇的卑微人物：他们结实的困厄，错愕的挣扎，无谓的憧憬，悄无声息的挫败与承受，还有那年轻的、不知如何是好的爱情。,https://product.dangdang.com/29550418.html,9787532183425
文学作品,https://product.dangdang.com/12100012797.html,9787532183654
宛转环（单读书系022） ★青年创作者慕明作品，收录多篇获奖佳作：豆瓣阅读征文大赛奖、未来科幻大师奖、银河奖、全球华语科幻星云奖等 ★画师靈樹手绘封面《宛转环》与内封《递环偶人图》，视觉设计独具匠心，提示全书隐藏线索,https://product.dangdang.com/29513117.html,9787532184422
单读32 寻找救生艇：爱尔兰文学特辑 如果你喜欢乔伊斯、王尔德、叶芝、贝克特，请不要错过爱尔兰文学特辑。特邀曾旅居爱尔兰、现居英国的作家颜歌、群岛图书出版人彭伦客座主编，集结周嘉宁、亚可、何雨珈、于是等译者，走进爱尔兰文学新“黄金时代”,https://product.dangdang.com/29501604.html,9787532184682
堂吉诃德的眼镜——小说细读十二讲（豆瓣2022年度中国文学（非小说类）Top1作者全新力作 ） ★打通专业与业余隔膜的小说课堂，向普通读者传授读小说的手艺 ★“新手友好”的文学入门指南，课堂场景生动还原 ★用鸡皮疙瘩和寒颤阅读小说，重新打开经典小说文本 ★用侦探的眼光破解小说真相，,https://product.dangdang.com/29481622.html,9787532184774
九疑集：真文与副墨（艺文志 诗） ★作家贾勤的部诗集，怪异独特的诗歌风格，别出心裁的布局谋篇。 ★新旧雅俗对冲，古今中西交错，致敬马尔克斯与迷宫，致敬古典学术的谱系与自由路径之可能。,https://product.dangdang.com/29501606.html,9787532185214
漆中之黑（杜可风的“探索之旅”，更是他写给电影的情书。） 杜可风自传体随笔记，“亚洲摄影师”的电影之书,https://product.dangdang.com/29561319.html,9787532185672
森林如何思考：超越人类的人类学（获格雷戈里?贝特森人类学图书奖，突破人类中心主义与思维极限的人类学书写） 深入厄瓜多尔丛林，重新反思人与其他种类生命的关系。挑战人类学的基本理论，拉图尔盛赞本书是 “令人耳目一新的哲学人类学”。,https://product.dangdang.com/29565274.html,9787532186679
【正版】艺文志·诗：山中.9787532187409,https://product.dangdang.com/11874353642.html,9787532187409
博物志(外七种)(历代笔记小说大观) 上海古籍出版,https://product.dangdang.com/27903183.html,9787532563470
搜神记·搜神后记(历代笔记小说大观) 上海古籍出版,https://product.dangdang.com/27855548.html,9787532563548
鬼 徐华龙 上海辞书出版社【售后无忧】 正版图书，下单前请先咨询客服，欢迎选购！,https://product.dangdang.com/11738314780.html,9787532642571
民间信仰口袋书系列·怪【达额立减】 【正品保证，进入店铺更多优惠！】,https://product.dangdang.com/11732912559.html,9787532642588
民间信仰口袋书系列·妖 王有钧 著 上海辞书出版社【正版书籍】 正版图书，下单前请先咨询客服，欢迎选购！,https://product.dangdang.com/11740259640.html,9787532642595
民间信仰口袋书系列·精 余红艳 上海辞书出版社【可开电子发票】 【正品保证，进入店铺更多优惠！】,https://product.dangdang.com/11732663899.html,9787532642601
"民间信仰口袋书系列·仙 黄景春,徐蒙蒙 著 上海辞书出版社【售后无忧】 正版图书，下单前请先咨询客服，欢迎选购！",https://product.dangdang.com/11738511520.html,9787532642618
民间信仰口袋书系列·神 赵李娜 著 上海辞书出版社【放心购买】 正版图书，下单前请先咨询客服，欢迎选购！,https://product.dangdang.com/11738511530.html,9787532642625
朗格汉岛的午后 村上春树的25篇小品文，有社会百态评论，有异想天开的故事，流行语“小确幸”就诞生在这本书里。,https://product.dangdang.com/29450776.html,9787532763214
微妙,https://product.dangdang.com/23509756.html,9787532766253
悲伤与理智(精) (美)约·布罗茨基 上海译文出版社 【新华书店正版图书书籍】 正版全新书籍 正规发票 多仓就近发货 85%城市次日送达 关注店铺可享店铺优惠!,https://product.dangdang.com/11514410317.html,9787532768349
水印:魂系威尼斯【正版图书，满额减】 【速开发票，优质售后，支持7天无理由退换】,https://product.dangdang.com/11849165585.html,9787532772643
试刊号 （意）翁贝托·埃科 著，魏怡 译 上海译文出版社 【新华书店正版图书书籍】 正版全新书籍 正规发票 多仓就近发货 85%城市次日送达 关注店铺可享店铺优惠!,https://product.dangdang.com/11874769777.html,9787532772858
双身记 一部虔诚的小说 新编增补版 米洛拉德·帕维奇 哈扎尔词典作者 上海译文出版社 精装 正版书籍【四季 可开发票 联系在线客服索取,https://product.dangdang.com/11937820555.html,9787532774326
怪谈·奇谭/译文经典【正版书籍，满额满减，咨询更优惠】 【速开发票，优质售后，支持7天无理由退换】,https://product.dangdang.com/11840819282.html,9787532775552
秘密 (日)谷崎润一郎 著;王雪 译 新华书店正版，关注店铺成为会员可享店铺专属优惠，团购客户请咨询在线客服！,https://product.dangdang.com/1135449377.html,9787532776313
异类婚姻谭（芥川龙之介文学奖获奖作品系列） 日本第154届芥川龙之介文学奖获奖作品 日本古典怪谈与现代生活的吊诡交融 天才小说家本谷有希子魅惑与恍惚的文学世界！,https://product.dangdang.com/25329896.html,9787532777082
鱼翅与花椒（译文纪实系列·陌生的中国） 每一道食物，都是一场冒险。舌尖上的记忆，他乡里的故乡。一个英国女孩充满酸甜苦辣的川菜情缘。《舌尖上的中国》总导演陈晓卿倾情推荐。人文社科联合书单&当当网联合发布“2018人文社科年度好书”。,https://product.dangdang.com/29733212.html,9787532777914
无情·厄运(吉本芭娜娜作品系列) 治愈，从这里开始......感伤冲破封锁着它的混凝土砖瓦不断涌上心，我想逃出这片高远的秋日天空，是梦醒时分更觉虚脱无力，还是美丽的梦织成的布匹将我缠裹？,https://product.dangdang.com/29574090.html,9787532778478
皮 上海译文出版社 新华书店正版，关注店铺成为会员可享店铺专属优惠，团购客户请咨询在线客服！,https://product.dangdang.com/1528838902.html,9787532779109
译文经典精装系列·人文主义地理学：对于意义的个体追寻 “对一个地方生动或逼真的描述，也许就是人文主义地理学的*成就。”,https://product.dangdang.com/28552401.html,9787532782918
哈扎尔辞典 魔镜插画阴本 纪念版 上海译文出版社 新华书店正版，关注店铺成为会员可享店铺专属优惠，团购客户请咨询在线客服！,https://product.dangdang.com/11204385277.html,9787532783915
正常人 【正版包邮】爱尔兰现代长篇小说：正常人 9787532784301 上海译文,https://product.dangdang.com/11850665752.html,9787532784301
单身男子（伊舍伍德作品系列） 汤姆?福特执导，科林?费尔斯主演，电影《单身男子》原著小说 一个单身男人失去挚爱后的二十四小时,https://product.dangdang.com/29145237.html,9787532784790
好兵帅克（译文经典） 世界一流讽刺小说佳作,https://product.dangdang.com/29254658.html,9787532785575
感受自由 上海译文出版社 新华书店正版，关注店铺成为会员可享店铺专属优惠，团购客户请咨询在线客服！,https://product.dangdang.com/678668315.html,9787532786114
风（青山七惠作品系列） 《一个人的好天气》作者青山七惠短篇小说集；探讨人与人之间“关系”的无数种可能；精致法式软精装，暗藏日语原版手写彩蛋；承认自己是一个无聊的人的过程就是生活。,https://product.dangdang.com/29254659.html,9787532786121
克拉拉与太阳（比尔·盖茨2021年度书单，诺贝尔文学奖得主石黑一雄新书） 豆瓣2021年度ZUI受关注图书！诺贝尔文学奖得主石黑一雄 zui新长篇小说 全球同步出版,https://product.dangdang.com/29197120.html,9787532786831
萤 展示了村上文学风景的扑朔迷离和一触即发的创作潜能 村上创作道路上的十字路口。,https://product.dangdang.com/29324761.html,9787532788002
电视人,https://product.dangdang.com/29324762.html,9787532788057
大海，大海 “全英国z聪明的女人”默多克布克奖之作，小说家-哲学家默多克一部气势宏伟、复杂精妙的人性哲理剧,https://product.dangdang.com/29328758.html,9787532788149
人体交易（译文纪实系列·真实罪案） 血牛、盗婴、试药、代孕、割肾、取骨——人体，不应该只是备用零件的集合体,https://product.dangdang.com/29385244.html,9787532788408
三十不立（译文纪实系列·日本现场观察） 没有工作、没有住处、没有钱；默默忍耐，孤独死去； 景气下行时代的“三十代”。,https://product.dangdang.com/29457156.html,9787532789047
女孩，女人，其他 ~2019年布克奖获奖作品，中文版惊艳亮相~强烈的写实风格，结合自由诗般的语言，荡气回肠地勾勒出近百年来女性所面临的生存困境，以及她们令人叹为观止的勇气与力量。,https://product.dangdang.com/29469316.html,9787532789627
美丽的世界，你在哪里 美丽的世界，你在哪里？90后天才女作家萨莉·鲁尼继《聊天记录》《正常人》之后重磅新作，各国青年挚爱的年度读物,https://product.dangdang.com/29404960.html,9787532790227
兽之戏（三岛由纪夫作品系列） 甜美与杀孽共存的野兽的嬉戏。中文简体世界首次出版。,https://product.dangdang.com/29546499.html,9787532791262
最好朝南（译文纪实系列·她们） 让女性自己发声，讲述女性自己的故事。近100年后的中国当代女性对伍尔夫《一间自己的房间》的回应,https://product.dangdang.com/29573385.html,9787532792481
书淫艳异录（增补本） （甲·乙编）,https://product.dangdang.com/25105752.html,9787533471996
布罗茨基文集 小于一/大理石像/布罗茨基诗歌全集卷上下/悲伤与理智 诺贝尔文学奖欧美文学上海译文出版社另著水印魂系威尼斯 可开发票 如需请联系在线小当当客服,https://product.dangdang.com/11886497485.html,9787533939601
每一首都是情歌【正版图书，满额满减，咨询更优惠】 【速开发票，优质售后，支持7天无理由退换】,https://product.dangdang.com/11842173842.html,9787533944711
博士的爱情算式 全新正版，可开发票,https://product.dangdang.com/11951860637.html,9787533948641
"镜花缘（青少年无障碍阅读版！特别新增132条注释知识点！收录33个奇幻国家特点！15041条真实好评！名著就读作家榜！） 七年级阅读书目！完整收录《镜花缘》100回！激发想象力的中国古代奇幻小说巨著！小说版《山海经》！新增132条注释！14692条真实口碑热评！无障碍阅读！读经典名著,认准作家榜！谨防山寨仿冒！",https://product.dangdang.com/25112473.html,9787533949549
爱情故事的两个版本 《哈扎尔辞典》作者米洛拉德?帕维奇的爱人与缪斯——雅丝米娜?米哈伊洛维奇 再现文学大师帕维奇的真实生活细节和爱情面貌 夫妻二人的合力之作,https://product.dangdang.com/25338526.html,9787533953263
托卡尔丘克作品系列,https://product.dangdang.com/12100012661.html,9787533960759
托卡尔丘克作品系列,https://product.dangdang.com/12100012661.html,9787533961718
糜骨之壤 奥尔加托·卡尔丘克 著 诺贝尔文学奖得主 *长篇小说 外国波兰文学现当代 犯罪悬疑生态主义长篇小说畅销书籍 怪 新华书店正版，关注店铺成为会员可享店铺专属优惠，团购客户请咨询在线客服！,https://product.dangdang.com/1811867625.html,9787533962968
机器人大师：全二册（波兰科幻名家莱姆高口碑代表作，20个天马行空的爆笑哲理脑洞故事，全译本无删节） 刘慈欣大爱的作者，机器人版《一千零一夜》，科学、文学和哲学的巧妙融合，上外波兰语专家历时2年翻译，内容足量，装帧精美，莱姆100年诞辰纪念版。果麦出品,https://product.dangdang.com/29224347.html,9787533964566
托卡尔丘克作品系列,https://product.dangdang.com/12100012661.html,9787533964931
托卡尔丘克作品系列,https://product.dangdang.com/12100012661.html,9787533966065
少年与沉默之海(西格弗里德·伦茨成熟时期长篇代表作！莫言渴望见到的伟大作家！与诺贝尔文学奖得主格拉斯齐名！) 被列入德国中学生书目，改编电影一举斩获君特·斯特拉克电视奖等三项国际奖项，首次在大陆翻译出版。热爱大海的少年一去不返，心底藏着比海更深的秘密。,https://product.dangdang.com/29363772.html,9787533966294
有且仅有：一个自闭谱系家庭的回忆与未来 现代都市中的疾病与生活， 虚构与非虚构的互动激发。 为迷失在黑暗中的孩子点亮明灯， 将他们带入更宽广的世界，我们做好准备了吗？,https://product.dangdang.com/29445289.html,9787533966980
你是一条河 30余年创作精华，近70首浓情诗歌！全国少数民族文学创作“骏马奖”得主哈依夏·塔巴热克翻译！,https://product.dangdang.com/29507689.html,9787533970376
艺术世界 俄国实验艺术1863—1922 卡米拉·格雷 著 世界各国艺术概况【速发 正版】 【本店支持开发票 如需帮助请联系客服】,https://product.dangdang.com/11871069884.html,9787534072918
中国花艺 中国传统插花艺术从零开始学插花书籍十花记中国古代雅士圈的花事古人簪花器具插花教程入门技法日本花道西方插花拈花意,https://product.dangdang.com/11958823457.html,9787534076619
黎川方言词典【正版书籍，满额减】 【速开发票，优质售后，支持7天无理由退换】,https://product.dangdang.com/11894909361.html,9787534326264
正版塑封 昨日书林:妖怪学讲义录:总论 井上圆了 中州古籍出版社【潺潺图书正版 保真】,https://product.dangdang.com/11903213970.html,9787534865121
我的视觉日记,https://product.dangdang.com/1437921414.html,9787535063656
受戒 大淖纪事:汪曾祺作品精选集卷三(手绘彩插珍藏版) 汪曾祺 长江文艺出版社【售后无忧】 正版图书，下单前请先咨询客服，欢迎选购！,https://product.dangdang.com/11740094770.html,9787535483331
邂逅 水蛇腰：汪曾祺作品精选集卷四汪曾祺 著长江文艺出版社9787535483348 正版旧书，保证质量，此书为单本而非一套，电子发票！,https://product.dangdang.com/11945382535.html,9787535483348
反馈(录像艺术的媒体生态学)(精),https://product.dangdang.com/1367887469.html,9787535681539
朝鲜李朝陶瓷名考 (日)浅川巧 湖南美术出版社 【新华书店全新正版图书】 电子发票 正版保证 多仓就近发货,https://product.dangdang.com/11727614739.html,9787535699688
造文字的反 【正版保证】 【店主推荐，正版书放心购买，可开发票】,https://product.dangdang.com/11753805152.html,9787536061569
垃圾日 马利亚什?贝拉 花城出版社【放心购买】 正版图书，下单前请先咨询客服，欢迎选购！,https://product.dangdang.com/11737634760.html,9787536078062
题画诗（前接千载后启宇宙的真人之诗）,https://product.dangdang.com/24041015.html,9787536079359
路边狗 切斯瓦夫.米沃什 花城出版社【售后无忧】 【正品保证，进入店铺更多优惠！】,https://product.dangdang.com/11750913441.html,9787536079557
纸上的伊比利亚：西班牙文学选集（创美文学馆系列，精装典藏版。收录多幅珍贵图片，林贤治主编） 马尔克斯《百年孤独》译者范晔译作。西班牙文学思想的视觉旋律，伊比利亚半岛的文学地图。爱、死、梦、眼睛、堂吉诃德，文艺复兴、黄金世纪、神秘主义,https://product.dangdang.com/29630404.html,9787536085725
着魔的指南 (罗)埃米尔·齐奥朗 著 高兴 编 陆象淦 译 (罗)埃米尔·齐奥朗 花城出版社【达额立减】 【正品保证，进入店铺更多优惠！】,https://product.dangdang.com/11750678441.html,9787536088498
不安之书(精)/文学馆,https://product.dangdang.com/1844407498.html,9787536088818
"异化引擎 (中国科幻银河奖、全球华语科幻星云奖、世界科幻奇幻翻译奖 得主，世界华人科幻协会会长 陈楸帆 精选之作,刘慈欣、韩松、刘宇昆联袂推荐)",https://product.dangdang.com/28558361.html,9787536091511
一句顶一万句（当当专享亲签版）茅盾文学奖作品,https://product.dangdang.com/12100008083.html,9787536094420
死梦者之歌与阴郁的抄写员 (美)托马斯·里戈蒂 著 程静 译 花城出版社 【新华书店正版书籍】 正版全新书籍 正规发票 多仓就近发货 关注店铺可享店铺优惠！,https://product.dangdang.com/11847669402.html,9787536095021
被毁损和被染病的 恐怖小说大师托马斯·里戈蒂再一次超越定义 追步爱伦·坡、洛夫克拉夫特、斯蒂芬·金 改变类型小说写作的短篇集,https://product.dangdang.com/29335349.html,9787536095038
中国民间火熨术 9787536464315 中国民间医学丛书 刘光瑞四川科学技术 火熨艾灸理论 针灸经络 临床实践 刘氏,https://product.dangdang.com/11872865132.html,9787536464315
御珠谜案(插图本)/高罗佩大唐狄公案全译,https://product.dangdang.com/1838635378.html,9787537862837
日落之前——哑石诗集（2012—2020年） （华文青年诗人奖、刘丽安诗歌奖、2016年《星星》年度诗人奖） 日落之前——哑石诗集（2012—2020年） （华文青年诗人奖、刘丽安诗歌奖、2016年《星星》年度诗人奖）,https://product.dangdang.com/29340464.html,9787537864640
非常动物 展现生命的重量、时间、记忆和历史的永恒之美。,https://product.dangdang.com/29380123.html,9787537865029
暗子（暗黑美学风格后现代超现实长篇小说，悬念迭起，多重叙事，双层反转。荒谬的骗局，奇诡的真相，灵魂的苦旅）,https://product.dangdang.com/29345358.html,9787538769319
介疾 水彩 零基础技法 唐诗百花 诗经草木 画点植物,https://product.dangdang.com/12100018580.html,9787539491363
缘缘堂随笔 丰子恺 著 北京燕山出版社 【新华书店正版书籍】 正版全新书籍 正规发票 多仓就近发货 关注店铺可享店铺优惠！,https://product.dangdang.com/11847105282.html,9787540227593
你是一百只眼睛的水面 (智利)米斯特拉尔 北京燕山出版社【正版书籍】 正版图书，下单前请先咨询客服，欢迎选购！,https://product.dangdang.com/11740181530.html,9787540242305
昂热丽克或迷醉 (法)阿兰·罗伯-格里耶 升华 译 湖南文艺出版社【可开电子发票】 【正品保证，进入店铺更多优惠！】,https://product.dangdang.com/11732411479.html,9787540449452
格拉迪瓦在叫您【正版图书，满额满减，咨询更优惠】 【速开发票，优质售后，支持7天无理由退换】,https://product.dangdang.com/11785510842.html,9787540449476
"午夜文丛：金三角的回忆 (法)罗伯－格里耶 著,张容 译 湖南文艺出版社【正版书籍】 正版图书，下单前请先咨询客服，欢迎选购！",https://product.dangdang.com/11740108180.html,9787540449490
"午夜文丛:弑君者 阿兰·罗伯-格里耶 ,邓永忠 湖南文艺出版社【正版书籍】 【正品保证，进入店铺更多优惠！】",https://product.dangdang.com/11750735971.html,9787540449544
反复 (法)罗伯-格里耶 湖南文艺出版社【达额立减】 【正品保证，进入店铺更多优惠！】,https://product.dangdang.com/11750962411.html,9787540449568
现代小说，现代阅读:中国讲演录 (法)罗兰 孟湄 译 湖南文艺出版社【可开电子发票】 【正品保证，进入店铺更多优惠！】,https://product.dangdang.com/11732666279.html,9787540467104
午夜文丛:四次讲座【正版图书，满额减】 【速开发票，优质售后，支持7天无理由退换】,https://product.dangdang.com/11820272145.html,9787540474638
"图森作品集11：裸 让-菲利普·图森,许宁舒 湖南文艺出版社【可开电子发票】 【正品保证，进入店铺更多优惠！】",https://product.dangdang.com/11750601061.html,9787540478803
半岛 朱利安·格拉克 9787540480684 享乐者丛书 午夜文丛 正版书籍 老版售价高于定价,https://product.dangdang.com/11741202920.html,9787540480684
"足球 让-菲利普·图森,余中先 湖南文艺出版社【正版书籍】 【正品保证，进入店铺更多优惠！】",https://product.dangdang.com/11750752851.html,9787540480691
有货正版 亲爱的丽斯 阿尔芒德罗斯作品集 9787540480707 午夜文丛 湖南文艺出版社 正版书籍 老版 无 译林,https://product.dangdang.com/11498014290.html,9787540480707
不畅销小说写作指南 大头马 【正版保证】 【店主推荐，正版书放心购买，可开发票】,https://product.dangdang.com/11770156183.html,9787540480974
"弹钢琴 让·艾什诺兹 ,余中先 湖南文艺出版社【放心购买】 【正品保证，进入店铺更多优惠！】",https://product.dangdang.com/11750823671.html,9787540483715
艾什诺兹作品集7：一年【正版书籍，满额减】 【速开发票，优质售后，支持7天无理由退换】,https://product.dangdang.com/11818960095.html,9787540483739
艾什诺兹作品集2:切罗基 让.艾什诺兹 湖南文艺出版社【可开电子发票】 【正品保证，进入店铺更多优惠！】,https://product.dangdang.com/11750601101.html,9787540483760
14【正版图书，满额减】 【速开发票，优质售后，支持7天无理由退换】,https://product.dangdang.com/11820552965.html,9787540483814
寺山修司少女诗集 日本怪才寺山修司 经典诗作集,https://product.dangdang.com/25299016.html,9787540486228
奇想博物志 对三岛由纪夫、寺山修司等人影响巨大的日本暗黑美学大师涩泽龙彦 以普林尼的《博物志》为入口，为我们讲述一个诡谲奇想的异世界,https://product.dangdang.com/26481154.html,9787540488796
有货正版 特价 萨拉戈萨手稿 上下册 [波兰] 扬·波托茨基 方颂华 译 比肩一千零一夜 十日谈的史诗巨著 外国文学长篇,https://product.dangdang.com/11535299104.html,9787540494155
极乐鸟与蜗牛（只有涩泽龙彦才写得出的动物传说！日本暗黑美学大师有关动物的经典作品全收录）【浦睿文化出品】,https://product.dangdang.com/29139248.html,9787540497743
乡土日常：灵验 磕头 传说,https://product.dangdang.com/29593167.html,9787540789312
作家传记,https://product.dangdang.com/12100018977.html,9787540793746
"正版包邮 先人祭（诗集） 9787541141355 四川文艺出版社 (波) 密茨凯维奇著,易丽君,林洪亮,张振辉 译",https://product.dangdang.com/11536568402.html,9787541141355
宇宙超度指南,https://product.dangdang.com/1438790014.html,9787541147401
后觉书：诗选2011-2017 一部无关风月的多情诗集。廖伟棠先生继《春盏》热销后又一部诗集力作。北岛、梁文道、耿占春、柯雷 鼎力推荐。,https://product.dangdang.com/25274766.html,9787541150593
现货 雾岛夜随 不流著 短篇文学华语小说作品集 80后青春文学小说 一个男人的沉沦醒悟与反抗书籍【四季好书】 可开发票 联系在线客服索取,https://product.dangdang.com/11938949715.html,9787541155314
故国之妖 接续古老而又隐秘的叙事传统，再现蹭蹬婆娑的千面人生。百幅珍稀彩插，四十五篇讲述妖怪始末转折的奇谭。四色纯质纸精美呈现。,https://product.dangdang.com/29321555.html,9787541156045
后浪新大陆青年作家童末全新实验文本部推出短篇小说集收录小说十二篇华语文学后浪出版【水之源图书 正版速发】 本店支持开发票 请联系客服索取,https://product.dangdang.com/11916948719.html,9787541157264
宇宙宝丽来相机：谷川俊太郎自选诗集,https://product.dangdang.com/29256654.html,9787541158612
张枣诗文集（张枣迄今全部诗文完整集结，新增从未面世诗文，精装函套典藏版，套装全5册） 张枣诗文首次完全结集，全新收录张枣书信、佚作等大量珍贵文字。逝世11周年，张枣诗文终于完成系统整理，供读者系统研读、收藏。“只要想起一生中后悔的事/梅花便落了下来”。,https://product.dangdang.com/29216436.html,9787541159206
山魈考残编 当代实力派隐流作家黎幺 长篇力作问世 一个神秘的部族、一部散轶的典籍 牵引出一段追源溯真的曲折故事 探文字、翻经典、量时间、知生死,https://product.dangdang.com/29334449.html,9787541161575
替身（芥川奖、川端奖得主《一个人的好天气》作者青山七惠全新力作）限量签章版 两款作者寄语签章版，随机发货。一场用纸和文字进行的冒险，一次被童话掩埋的人生互换。日本知名作家青山七惠全新力作。无论改写多少次，我的故事里始终有你的影子。随书附赠：夏日回忆拍立得+瓜崽姐妹金句书签。,https://product.dangdang.com/29457404.html,9787541164156
通俗小说（仁科新书，“城中村存在主义文学”蟑螂一般的生命力，蝴蝶一样的诗意）,https://product.dangdang.com/29489579.html,9787541164880
不确定宣言,https://product.dangdang.com/12100016408.html,9787541165146
学习陕西话【正版书籍，满额减】 【速开发票，优质售后，支持7天无理由退换】,https://product.dangdang.com/11893647261.html,9787541828423
"正版 叫魂:1768年中国妖术大恐慌 孔飞力,陈兼,刘昶 上海三联书店 9787542643216",https://product.dangdang.com/11882437693.html,9787542643216
夜晚的潜水艇(第四届宝珀理想国文学奖得主陈春成短篇小说集，游荡于旧山河与未知宇宙间，汉语的一种风度与可能性) 余华推荐-陈春成短篇小说集，游荡于旧山河与未知宇宙间，汉语的一种风度与可能性，阿乙、贾行家、陆庆屹、东东枪激赏推荐,https://product.dangdang.com/29130324.html,9787542669964
流溪（2021南方文学盛典新人奖获奖作品） 豆瓣读书年度中国文学，第三届宝珀理想国文学奖短名单，翟永明、孙甘露、棉棉推荐阅读，洛丽塔向纳博科夫致敬的虚构文体,https://product.dangdang.com/28541408.html,9787542669988
回望+洗牌年代 金宇澄 著 9787542672506,https://product.dangdang.com/11277827363.html,9787542672506
尤瑟纳尔作品系列,https://product.dangdang.com/12100013574.html,9787542674173
我们的乐队也可以成为你的生活,https://product.dangdang.com/29378308.html,9787542675415
艺术,https://product.dangdang.com/12100012769.html,9787542677082
汉文与东亚世界（岩波新书精选12） 京都大学教授金文京亲自用中文重写，比较文化学典范之作，透过汉字，看到不一样的东亚世界；北京大学教授陈平原、清华大学教授刘晓峰、宋念申联袂推荐,https://product.dangdang.com/29469559.html,9787542677327
坤道与空阙：“女性”的诗性正名,https://product.dangdang.com/11261784250.html,9787542677624
上海三联书店女性主义图书,https://product.dangdang.com/12100014223.html,9787542677976
双雪涛谈波,https://product.dangdang.com/12100012197.html,9787542678621
上海三联书店女性书写,https://product.dangdang.com/12100014201.html,9787542680860
77街的神龛：美国自然历史博物馆里物的灵韵与人的故事,https://product.dangdang.com/29768265.html,9787542685711
大雪将至 一部打动西方人灵魂的作品；关于爱、生命和死亡，平凡一生中的伟大演绎；全球30余家权威媒体倾力推荐：因为罗伯特?泽塔勒，奥地利当代文学额外赢得了一种人们再也不想放弃的声音。,https://product.dangdang.com/25246440.html,9787544258197
"深河 〔日〕远藤周作 ,林水福 南海出版公司【放心购买】 【正品保证，进入店铺更多优惠！】",https://product.dangdang.com/11750378481.html,9787544265409
我胆小如鼠+十八岁出门远行+河边的错误+女人的胜利 余华四本套 余华畅销作品集 文学正版书籍小说畅销书 正版保证,https://product.dangdang.com/11250993042.html,9787544285117
幽暗国度（2018版） 诺贝尔文学奖得主V.S.奈保尔代表作“印度三部曲”第 一部，非虚构文学典范之作，《寻路中国》作者何伟推荐的纪实文学范本，印度属于记忆/一个已经死亡的世界。,https://product.dangdang.com/25574854.html,9787544293662
东北方言大词典 《东北方言大词典》材料丰富，体例完整，注音准确，释义恰当，例句精当，*了曾经使用过和正在使用的东北方言词条近七千条，其中多数为东北地区日常生活中经常使用的，是一本具有较强实用性的语言工具书。,https://product.dangdang.com/28522731.html,9787544521307
【单本任选】卡尔维诺作品 精装 小平装 看不见的城市 树上的男爵 分成两半的子爵 不存在的骑士 马可瓦尔多 意大利童话,https://product.dangdang.com/12100014939.html,9787544722346
时光噬痕 观点与评论 多丽丝·莱辛 龙飞 【店主推荐，正版书放心购买，可开发票】,https://product.dangdang.com/11767664242.html,9787544754521
弗兰妮与祖伊【水之源图书 正版速发】 本店支持开发票 请联系客服索取,https://product.dangdang.com/11919381109.html,9787544766746
塞林格作品：抬高房梁，木匠们；西摩：小传 塞林格*后一篇中篇结集，续写“格拉斯家族” 轶闻往事,https://product.dangdang.com/25579791.html,9787544766760
江南引 欧阳江河 著 江苏译林出版社有限公司 【新华书店正版全新书籍】 电子发票 正版保证 多仓就近发货,https://product.dangdang.com/11730375779.html,9787544772587
正版书籍 安妮·卡森诗选 安妮·卡森 译林出版社 正版图书支持发票 七天无理由退货让您购物无忧,https://product.dangdang.com/11940197148.html,9787544784054
藤泽周平作品：浪客日月抄之二 孤剑 时代小说宗师口碑系列长篇，烟火气十足的日式武侠,https://product.dangdang.com/29233747.html,9787544784542
浪漫地理学：追寻崇高景观（人文地理学之父段义孚经典著作，探索人性与大地的诗意互动） 人文地理学之父段义孚经典著作，探索人性与大地的诗意互动,https://product.dangdang.com/29273318.html,9787544785419
我是月亮（现场文丛 朱宜作品） 真正走进一个人的生活，像登月一样漫长和艰难！青年编剧朱宜作品集，潜入真实鲜活的日常，捕捉亲密关系中的微小裂隙，探索难以归类的感受。,https://product.dangdang.com/29318774.html,9787544788144
卡尔维诺经典：观察者 莫言、王小波盛赞！卡尔维诺“十年磨一剑”之作品，跟踪都灵选举站监票员的一天，聚焦荒谬的真实，抨击真实的荒谬。简体中文版初面世，收录卡尔维诺谈《观察者》,https://product.dangdang.com/29342309.html,9787544788281
白发阿娥及其他（人一老，就该被时代抛弃吗？衰老与成长同样惊心动魄！西西的老年人故事集，莫言推荐） 人一老，就该被时代抛弃吗？衰老与成长同样惊心动魄！西西的老年人故事集，莫言：我向读者朋友推荐她。,https://product.dangdang.com/29382395.html,9787544788939
杨苡口述史自传（一百年许多人许多事）+天真与经验之歌+欢乐颂与沉思颂,https://product.dangdang.com/11723303948.html,9787544789981
平滑世界和它的敌人（平行世界生活指南！日本新生代现象级科幻作家伴名练杰作选）译林幻系列 你的平行世界生活指南！科幻新星的想象力盛宴！一度超越日语版《三体》，荣登文学类畅销榜位！日本新生代现象级科幻作家伴名练杰作选,https://product.dangdang.com/29421449.html,9787544791106
爱上德古拉小姐（吸血鬼和“忠犬”男友的激萌日常。火遍全球！“漫画界奥斯卡”艾斯纳大奖提名作品，亚马逊超高分好评。人气漫画 吸血鬼和“忠犬”男友的激萌日常。火遍全球！“漫画界奥斯卡”艾斯纳大奖提名作品，亚马逊超高分好评。人气漫画家莎拉·安徒生，全新浪漫喜剧爱情故事。,https://product.dangdang.com/29497447.html,9787544793209
一个市民的自白：我本想沉默（“匈牙利文学巨匠”马洛伊·山多尔自传三部曲3） “匈牙利文学巨匠”马洛伊·山多尔自传三部曲 3；德奥合并后，欧洲文明经历了怎样的至暗时刻？；珍贵遗稿、“一生中的、真正的作家任务”的作品（中文世界首度引进）,https://product.dangdang.com/29497443.html,9787544793612
【正版】匈牙利现代长篇小说：一个市民的自白--考绍岁月（精装）.9787544793629,https://product.dangdang.com/11874363992.html,9787544793629
一个市民的自白：欧洲苍穹下（“匈牙利文学巨匠”马洛伊·山多尔自传三部曲2） “匈牙利文学巨匠”马洛伊·山多尔自传三部曲 2；见证人文主义后的光辉，追怀逝去的昨日欧洲，以斗士的姿态捍卫昔日的贵族精神（首度引进全本，媲美茨威格《昨日的世界》）,https://product.dangdang.com/29497442.html,9787544793636
找信号（寻找信号的最后一代游牧人 鲁迅文学奖得主索南才让全新小说集）,https://product.dangdang.com/29513608.html,9787544794855
喜欢我也没关系（豆瓣年度漫画、超人气漫画家海豹王初心之作十周年纪念版 随书附赠手绘精美贴纸） 每个人心里都有一只值得珍爱的小海豹。豆瓣年度漫画、超人气漫画家海豹王初心之作十周年纪念版，随书附赠手绘精美贴纸。温暖！治愈！鬼灵精怪！全彩印刷，超高颜值，可爱万岁！,https://product.dangdang.com/29606896.html,9787544798273
好好休息才是正经事啊（超人气漫画家海豹王全新温柔治愈漫画集 随书附赠手绘精美贴纸） 我们也可以喜欢，懒懒的自己呀。超人气漫画家海豹王全新温柔治愈漫画集，随书附赠手绘精美贴纸。全彩印刷，超高颜值，可爱万岁！,https://product.dangdang.com/29606895.html,9787544798327
远东冰原上的猫头鹰（马伯庸/北大罗新教授推荐，一位鸟类学家在俄罗斯远东的寻鸮之旅，入选2022豆瓣年度读书榜单等奖项） 这是对大自然与野性之地的热爱，属于我们时代的冒险故事。入选2020年美国国家图书奖长名单、荣获《华尔街日报》“年度十大好书”等奖项,https://product.dangdang.com/29462932.html,9787545219586
小说稗类 张大春 天地出版社【达额立减】 正版图书，下单前请先咨询客服，欢迎选购！,https://product.dangdang.com/11737618530.html,9787545546927
在别处（袁凌历时十三年写就，深汲每个离乡人的生命记忆，人在离乡的过程中成长，在返乡的路上安顿） 真实故事计划年度“经典非虚构著作”诚意巨献，梁鸿、野夫、刘瑜、蒋方舟、朱学东读后诚恳推荐,https://product.dangdang.com/29166068.html,9787545559583
柠檬（绝版多年，终于再版！他手握一颗柠檬，却把它想象成一颗炸弹！你正经历的绝望，梶井都曾经历过）[日] 正版旧书，保证质量，此书为单本而非一套，电子发票！,https://product.dangdang.com/11916906323.html,9787545562774
李贺哑谜诗歌新揭【正版书籍，满额减】 【速开发票，优质售后，支持7天无理由退换】,https://product.dangdang.com/11865713731.html,9787545815429
探寻游戏王国里的宝藏——日本游戏批评文选 时下大众热衷游戏，如何看待游戏文化？,https://product.dangdang.com/29178055.html,9787545819724
群山自黄金(精),https://product.dangdang.com/1586255305.html,9787547315002
全世界受苦的人 弗朗兹·法农 著 入选《卫报》伟大的一百种非虚构图书 20世纪后殖民主义 全新中文版 东方出版中心 97 可开发票，团购联系在线客服有优惠,https://product.dangdang.com/11832516544.html,9787547320884
非物 德国哲学明星韩炳哲继《倦怠社会》后又一力作，众多学者好评推荐，剖析数字时代的焦虑与虚无！,https://product.dangdang.com/29578435.html,9787547321669
人鬼之间:宋代的巫术审判 柳立言 9787547517086,https://product.dangdang.com/11783090558.html,9787547517086
当代小说,https://product.dangdang.com/12100012774.html,9787547738207
渺小一生,https://product.dangdang.com/12100012777.html,9787547739716
演奏之外（陈丹青、但昭义、焦元溥推荐） 入选2023得到年度书单长名单。青年钢琴演奏家张昊辰音乐哲学随笔 以天才的悟性与赤子的精神，展现古典音乐的完美世界,https://product.dangdang.com/29421025.html,9787547742723
大宋理财,https://product.dangdang.com/12100012189.html,9787547743089
【第十八届文津图书奖】漫长的余生 一个北魏宫女和她的时代 北京大学历史学家罗新全新力作 倾听被传统史学系统屏蔽的声音 理,https://product.dangdang.com/11190132054.html,9787547743126
小说集,https://product.dangdang.com/12100012773.html,9787547746202
正版 古人的雅致生活全4册（无长物志） 中国古代生活百科介绍书 宋元明清朝代人物历史文化研究 瓶花谱 园冶 云林石谱 茶 本店支持开发票 请联系客服索取,https://product.dangdang.com/11938563069.html,9787548061441
古人的雅致生活 瓶花谱 明代张谦德中国传统花道古代插花技术饲花 从品瓶品花折枝插贮滋养等方面古代养花笔记,https://product.dangdang.com/11495824328.html,9787548061656
唯有梅花似故人：宋词 植物记 品味诗词里的草木风华，体会千年前的悲喜爱怜。涉及近四十种宋代词人视野提及多的植物。词人赋予它们情思和人格，在它们身上投射了宋人强烈的生命意识。,https://product.dangdang.com/28493059.html,9787548073338
斜阳太宰治· 著哈尔滨出版社9787548446163 正版旧书，保证质量，此书为单本而非一套，电子发票！,https://product.dangdang.com/11944856855.html,9787548446163
遗体整容指南王刚 著学林出版社9787548615941 正版旧书，保证质量，此书为单本而非一套，电子发票！,https://product.dangdang.com/11946379625.html,9787548615941
正版秒发 设计诗2021版 实物拍摄 一目了然 朱赢椿设计 广西师范大学出版社9787549507887,https://product.dangdang.com/11872022612.html,9787549507887
蒙马特遗书 【速开发票，优质售后，支持7天无理由退换】,https://product.dangdang.com/11872495149.html,9787549522644
"火焰的喷泉:茨维塔耶娃书信选 (俄)玛丽娜·茨维塔耶娃 著,苏杭 译 广西师范大学出版社【可开电子发票】 正版图书，下单前请先咨询客服，欢迎选购！",https://product.dangdang.com/11740037150.html,9787549535439
浮光 吴明益 广西师范大学出版社【达额立减】 【正品保证，进入店铺更多优惠！】,https://product.dangdang.com/11732173579.html,9787549565252
乐府之乐（至美“乐府”诗集剪纸珍藏本） “愿得一心人，白头不相离” 至美“乐府”诗集剪纸珍藏本 ——让古典复归青春 国学大家王运熙权威注解赏析+独立艺术家了了烂漫剪纸插图 130余首不可不读的乐府名篇，中国人绕不开的集体记忆,https://product.dangdang.com/29283498.html,9787549579495
唐草物语 (日)涩泽龙彦 著 广西师范大学出版社【可开电子发票】 正版图书，下单前请先咨询客服，欢迎选购！,https://product.dangdang.com/11740001490.html,9787549580439
虚舟 谲瑰丽的“涩泽流”怪谈，连接真实与幻想的迷之“虚舟”,https://product.dangdang.com/25087178.html,9787549593255
北方大道 李静睿 广西师范大学出版社新华书店正版图书 新华书店 正版图书,https://product.dangdang.com/679476552.html,9787549596782
"魔鬼的无聊 (日)坂口安吾 著,黄瑾瑜 译 文汇出版社【正版】 畅销推荐，正版保证，现货直发，物流快捷，优惠多多，欢迎选购！",https://product.dangdang.com/11934714368.html,9787549601851
脏话文化史 来，让我们正儿八经地，文文雅雅地， 来说说这些*不正经*不文雅的脏话。 人们用脏话开骂的时候， 到底是在说什么。 全书笑点很多， 知识点更多。,https://product.dangdang.com/27913620.html,9787549629046
爱丽丝罪恶奇境（爱丽丝世界的一切纯真，只为掩盖真相的残忍！豆瓣评分飙至9.1分！中国推理迷苦等六年的高分奇作！）读客悬疑 10岁少女侦探·24小时致命游戏·5道难解谜题！密室逃脱x黑暗绑架x死亡留言x离奇坠亡x斩首惨案！翻开本书，在爱丽丝世界破解致命谜题！读客熊猫君出品,https://product.dangdang.com/29393534.html,9787549637287
我在北京送快递+生活在低处+我比世界晚熟+赶时间的人+手持人间一束同意+明亮的夜晚+一百年许多人许多事+为了活下去的思想,https://product.dangdang.com/11628737697.html,9787549637300
洋盘迈阿密青年和上海小笼包 （一个老外的上海十八年以局外人视角发现被忽略的附近 鱼翅与花椒作者扶霞推荐） “撑一年没问题。上海是个大都市，对吧？” 从24岁到40+岁，在中国高速发展的20年，一个老外如何谋生，如何去爱，如何应对这个不确定的世界的上升与下沉。,https://product.dangdang.com/29636118.html,9787549640485
汤显祖戏剧全集：紫钗记 [明]汤显祖 著；王德保、尹蓉 注 百花洲文艺出版社 9787550008533 【速开发票，优质售后，支持7天无理由退换】,https://product.dangdang.com/11954950846.html,9787550008533
库淑兰剪纸技艺研究 杨生博等 陕西人民美术出版社,https://product.dangdang.com/11699825176.html,9787550044463
奇迹之书1+奇迹之书Ⅱ（2本套装） 启发洛夫克拉夫特创作克苏鲁神话的作者；精装双封面，华丽烫金工艺；十九世纪奇幻插画大师西德尼·森姆锦上添花；《克苏鲁神话》系列译者何殇翻译，真正的小说家译笔！,https://product.dangdang.com/29619337.html,9787550184602
如何听爵士 未读·艺术家|入选豆瓣2018年度读书榜单。听什么，怎么听，听谁的，资深爵士音乐家带你找到答案，《经济学人》年度好书，张有待、李宏杰等业内大咖诚意推荐。,https://product.dangdang.com/25264692.html,9787550287327
蜃楼志 清代爱情世情小说 人文社科社会人情 精装书籍 凤凰出版社,https://product.dangdang.com/23311863.html,9787550617896
丧眼人偶泽村伊智花山文艺出版社9787551158282 长篇小说日本现代普通大众蔚蓝书店 全新正版图书 七天无理由退货 团购优惠 正规发票,https://product.dangdang.com/11635198787.html,9787551158282
正版图书炸裂志陈年喜 著9787551315654太白文艺出版社任选,https://product.dangdang.com/11780850128.html,9787551315654
博物志（全译插图精装本）：中国博物百科的典范， 年轻人应然知的323个趣味文化冷知识 中国博物百科的典范， 326个趣味文化冷知识 中国版“一千零一夜”+“神奇生物在哪里” 奇人奇事，奇闻奇物，包罗万象。,https://product.dangdang.com/29483298.html,9787553117911
风姿花传 (日)世阿弥 吉林出版集团有限责任公司【达额立减】 【正品保证，进入店铺更多优惠！】,https://product.dangdang.com/11750386961.html,9787553483375
痛苦的正当尺度(工业革命中的监狱1750-1850),https://product.dangdang.com/1569770745.html,9787553516387
图解中国传统服饰 春梅狐狸 中国古代服饰图鉴 研究女子妆容饰品 生活器物汉服入门基础书籍 影视古装解析服装设计师参考用书 【新老封面随机发货】轻纨叠绮，云裳羽衣，探寻服饰的前世今生，解锁古人的穿衣密码。,https://product.dangdang.com/26911474.html,9787553798448
再生缘（古典名著） 原著得陈寅恪、郭沫若的高度赞赏,https://product.dangdang.com/26488968.html,9787553809212
最后与最初的人——临近与遥远未来的故事 一部影响深远的科幻经典，一本字字珠玑的醒世预言，众多科幻大师的案头书，科幻迷们的骨灰级收藏。科幻大师阿瑟·克拉克、斯坦尼斯拉夫·莱姆，文学大师博尔赫斯，诺贝尔文学奖得主多丽丝·莱辛对本书推崇备至。,https://product.dangdang.com/29115066.html,9787555112884
失乐园,https://product.dangdang.com/12100010065.html,9787555269427
邂逅集：汪曾祺集【正版书籍，满额满减，咨询更优惠】 【速开发票，优质售后，支持7天无理由退换】,https://product.dangdang.com/11840783302.html,9787555900559
科幻小说,https://product.dangdang.com/12100012776.html,9787555913740
正版现货 不思议图书馆 寺山修司 著 中国现当代随笔 翻开这本书 就像进入一间充满了奇珍异宝的房间【善水图书 正版保真】 【本店支持开发票 如需帮助请联系客服】,https://product.dangdang.com/11915710339.html,9787556116621
百花谱(尘封百年，珍贵手绘稿首次公开出版。被埋没近一个世纪的经典花木图谱、艺术爱好者翘首以待的百花手绘稿。一本融合博物学 一本融合博物学、美术学以及自然主义生活哲学的奇书！唯美又实用、准确性与生动自然性兼具的植物图谱,https://product.dangdang.com/28973644.html,9787556121250
正版 “非官方修炼手册”系列：忍者 2021-12 [英]斯蒂芬·特恩布尔 9787557025922 广东旅游出版社,https://product.dangdang.com/11882462563.html,9787557025922
实用甲骨文字典 一部方便轻松欣赏、查检、学习甲骨文的字典。 收录已识读的甲骨文字，解析甲骨文字形字义，分栏排列，实用性强。,https://product.dangdang.com/27900832.html,9787557904470
一个一个人,https://product.dangdang.com/25177737.html,9787558030031
风筝史话,https://product.dangdang.com/29346040.html,9787558092817
庆山（安妮宝贝）系列作品果麦文化,https://product.dangdang.com/12100014435.html,9787559431523
安南怪谭 先锋小说家、古籍达人、妖怪向博物学发烧友 朱琺 小说力作 黎幺、王晓渔、路内 诚意推荐！,https://product.dangdang.com/28544190.html,9787559433282
正版！ 次要的雪， 9787559443670， 江苏凤凰文艺出版社【正版图书可开发票】 正版图书],https://product.dangdang.com/11686993241.html,9787559443670
陈年喜的诗（“再低微的骨头里也有江河”，矿工诗人陈年喜171首诗歌新作，或炸裂如铁，或温暖如灯火；易中天感动推荐。） 第1届工人诗歌桂冠奖得主，央视《朗读者》嘉宾，《南方人物周刊》2021魅力人物“100张中国脸”，受邀赴哈佛耶鲁诗歌交流；读陈年喜的诗，过骨中有江河的生活。果麦出品,https://product.dangdang.com/29380105.html,9787559449474
奔跑吧！梅洛斯：新解 [日]森见登美彦著代珂译时代华语出品 日本鬼才作家森见登美彦“四叠半”系列作品第三部，中文版首次引,https://product.dangdang.com/11720470383.html,9787559451965
任洪渊全集第三个眼神诗歌卷 正版书籍【馨悦图书 正版】 正版可开发票 请联系在线当当客服,https://product.dangdang.com/11889516844.html,9787559461322
疯子 江苏凤凰出版社 新华书店正版，关注店铺成为会员可享店铺专属优惠，团购客户请咨询在线客服！,https://product.dangdang.com/11144970697.html,9787559463623
凤凰文学奖,https://product.dangdang.com/12100016943.html,9787559467409
夏天我们都需要一场午睡（豆瓣8.2高分作品《现在让我们赞美富人》修订版） 杨海崧他的小说里永远有一个他自己，及一只面目模糊的野兽。,https://product.dangdang.com/25268908.html,9787559613035
房思琪的初恋乐园 林奕含 9787559614636,https://product.dangdang.com/11720571543.html,9787559614636
捉猫故事集,https://product.dangdang.com/12100010966.html,9787559624550
我包罗万象： 央视《读书》栏目推荐 微生物医学幽门螺杆菌等病毒埃德扬人体秘密科学科普书籍 第十五届文津图书奖推荐图书·科普类，某瓣2017年度科学·新知 No.8，2020年海南新高考语文卷，某瓣评分9.1！第二届中国自然好书奖·年度国际作品奖，得到·罗辑思维推荐！,https://product.dangdang.com/27885236.html,9787559629210
给孩子的100堂诗歌课 诗人蓝蓝匠心编著，堪称教科书式的典范，献给孩子、家长和老师的诗教诗学礼物。 泰戈尔、歌德、宫泽贤治、谷川俊太郎、北岛等中外名家经典童诗及鉴赏。,https://product.dangdang.com/28490699.html,9787559632357
外国诗歌系列,https://product.dangdang.com/12100017562.html,9787559636041
中国志怪故事,https://product.dangdang.com/12100019040.html,9787559636676
笑场+郭论共2册,https://product.dangdang.com/1699133835.html,9787559640246
八百万个老爸在路上 《乌克兰拖拉机简史》后又一黑色幽默*杰作，比肩汉德克的德国“文体大师”列维查洛芙代表作！扫荡多项重量级大奖！ 逝去的父亲，寻根姐妹，一场横跨欧洲的移灵之旅。 细腻、悔疚和温柔，德国*重要的作家重现近,https://product.dangdang.com/28995181.html,9787559640567
慢慢微笑 与疾病共生，与爱人共舞，与死亡共欢宴—— 天才导演贾曼的*后岁月，伟大的艺术灵魂于陨落前的竭力燃烧， 英国国宝级女演员 蒂尔达?斯文顿、知名电影学者毛尖 感动推荐,https://product.dangdang.com/29123651.html,9787559644282
中国诗歌系列,https://product.dangdang.com/12100017566.html,9787559646187
紧急中的冥想 奥哈拉诗精选 (美)弗兰克·奥哈拉 北京联合出版公司 【新华书店正版全新书籍】 电子发票 正版保证 多仓就近发货,https://product.dangdang.com/11891621199.html,9787559646446
正版包邮 永恒的骰子:巴列霍诗选 精选莱昂纳多·科恩 聂鲁达深爱的秘鲁诗人巴列霍代表作品100首 拉美诗歌的伟大先驱雅众,https://product.dangdang.com/11736678368.html,9787559651716
我听见斧头开花了 北岛推荐译本，“战后欧洲重要诗人”，备受海德格尔、勒内·夏尔等大师推重 以奥秘言语质问苦难， 锻造诗歌艺术之极境 ，收录各时期诗作近三百首,https://product.dangdang.com/29292506.html,9787559652867
有货正版 致后代 布莱希特诗选 [德]贝托尔特·布莱希特/著黄灿然译 北京联合出版有限公司 9787559655097,https://product.dangdang.com/11533135384.html,9787559655097
吠月：萩原朔太郎诗集 日本近代诗之父萩原朔太郎，一生杰作精编结集，简体中文版初次面世,https://product.dangdang.com/29336745.html,9787559656377
人类的善意 人类的本性从根本上说是善良的还是邪恶的？ 一部反潮流的大历史著作，在容易绝望的年代召唤希望 陈嘉映、刘华杰、段永朝、刘擎、胡泳、周濂、 尤瓦尔·赫拉利、丹尼尔·平克等一众大咖重磅力荐,https://product.dangdang.com/29385241.html,9787559660268
女性主义,https://product.dangdang.com/12100013941.html,9787559660497
吉姆·莫里森诗集 美国著名摇滚乐队“大门”主唱及核心，吉姆·莫里森诗集中文版重磅出版！知名摇滚乐书籍译者董楠倾情献译，热烈、神秘、性感，跨越半个世纪，再现一代人的精神图景。,https://product.dangdang.com/29439227.html,9787559661791
悲伤或永生：韩东四十年诗选（1982-2021）（第八届鲁迅文学奖·诗歌奖得主韩东集大成之作） （第八届鲁迅文学奖·诗歌奖得主韩东集大成之作）“诗到语言为止。”“第三代诗人”标志性人物韩东诗歌自选集，集萃四十年间微末日常的视点，感受诗人饱满轻盈的生活。,https://product.dangdang.com/29447703.html,9787559661975
与哈姆雷特之夜：霍朗的诗 “我问哈姆雷特，他回答 爱只有一次也仅有一次”在恐惧时代真正成为人的意义！捷克伟大诗人霍朗近十年写就书体长诗，缺席经典引进,https://product.dangdang.com/29443775.html,9787559662101
治愈减压系漫画2册套装：带壳的牡蛎是大人的心脏+我的大脑是戏精 火爆全网的高能人气治愈漫画，心情不好的时候一定要看看！让你笑到流泪，暖到心窝。愿我们都能成为快乐的大人，路上认识世界，途中认清自己,https://product.dangdang.com/29578296.html,9787559662170
探寻女性人生新功课,https://product.dangdang.com/12100014513.html,9787559662729
不要问我时间如何流逝：何塞·埃米利奥·帕切科诗选 20世纪西语诗坛巨擘、“塞万提斯奖”得主何塞·埃米利奥·帕切科诗集中文版引进！《百年孤独》译者范晔精心编译备受卡洛斯·富恩特斯、奥克塔维奥·帕斯等大师激赏,https://product.dangdang.com/29480639.html,9787559664358
复调 巴赫与生命之恸 北京联合出版公司 新华书店正版，关注店铺成为会员可享店铺专属优惠，团购客户请咨询在线客服！,https://product.dangdang.com/11354238007.html,9787559665270
空事情 诗人葭苇最新自选集，如盐入水，沉静中变幻万千滋味,https://product.dangdang.com/29597291.html,9787559665973
影视人传记,https://product.dangdang.com/12100018568.html,9787559668073
影视人传记,https://product.dangdang.com/12100018568.html,9787559668080
如何屠龙：中世纪英雄冒险指南（酷炫工艺+潮酷赠品，黑暗时代邪龙降临，成为曙光吧，英雄！） 打怪又升级，速通中世纪！本书主角就是你！遇见魔法、独角兽、吵闹的吟游诗人还有互相争斗不休的贵族，亲身体验原汁原味的中世纪文化与生活，见证这个长达千年的时代无可替代的魅力,https://product.dangdang.com/29592292.html,9787559668684
山中之门：吉恩·瓦伦汀诗选 美国著名女诗人吉恩·瓦伦汀一生集大成之作全面译介,https://product.dangdang.com/29636746.html,9787559670984
另一个女孩：2022年诺贝尔文学奖得主获奖作品 莫言、苏童、蔡崇达、班宇喜爱作家，中文版shou次引进，献给另一个女孩、一个素未谋面的姐姐的镇魂曲，你虽然缺席，却一直在我身边。,https://product.dangdang.com/29608615.html,9787559671288
中国诗歌系列,https://product.dangdang.com/12100017566.html,9787559671738
正常故事（全三册）脱口秀演员、青年作者颜怡、颜悦短篇小说集。写作“正常故事”，读作“荒诞魔幻”，用女人的语言向世界发射一 4+4+1篇原创作品，以黑色幽默书写都市女性的多重困境，将痛苦和恨意化作戏谑的尖刀。张悦然、毛尖、邵艺辉共同推荐。以笔为刃，创造更有棱角的女性叙事。,https://product.dangdang.com/29791222.html,9787559677082
我们家 颜歌长篇小说代表作，《乌克兰拖拉机简史》作者眼中“对现代中国功能失调的家庭生活的迷人一瞥” 华语文学传媒大奖年度新人、四川文学奖、茅盾文学新人奖、英国笔会翻译奖获奖作品,https://product.dangdang.com/28996826.html,9787559800848
魔法的语言（星野道夫自然文库系列3） 尽情做自己真正喜欢的事情，也是一种非常棒的人生 十篇来自日本国宝级生态摄影师星野道夫的演讲 十条经受住阿拉斯加考验的新鲜经验和原始哲学,https://product.dangdang.com/29201254.html,9787559807076
森林、冰河与鲸（星野道夫自然文库系列1） 人生就是在你制定计划的时候发生的意外 日本国宝级摄影师星野道夫生前*后作品 带着一双同神话时代人们一样的眼睛 畅游被森林与冰川覆盖的太古世界,https://product.dangdang.com/29201256.html,9787559807328
旅行之木 广西师范大学出版社 新华书店正版，关注店铺成为会员可享店铺专属优惠，团购客户请咨询在线客服！,https://product.dangdang.com/1892874595.html,9787559809513
肥瘦对写 蓝红双色封面随机发售，“废柴”书写者骆以军 vs. 文字魔术师董启章 —— 两位职业小说家的“文学相对论”，不同次元文学宇宙的激烈碰撞。 26封书信，给所有青年们的脑洞小说课！,https://product.dangdang.com/25325326.html,9787559810021
多多截句集 当代中国杰出诗人多多zuixin作品，包含诗人多多十几幅精美油画作品。“多多早已放弃了日常生活，因为诗歌本身就是他的日常生活。”——蒋一谈,https://product.dangdang.com/26511393.html,9787559813961
新民说·白日漫游（第二届宝珀理想国文学奖入围作品） 青年作家远子全新力作，2019年第二届宝珀理想国文学奖入围作品。一次对十年北漂生涯的告别，一个中国当下年轻人的心灵样本。,https://product.dangdang.com/27864572.html,9787559816474
檐上的月亮 阿微木依萝 广西师范大学出版社 【新华书店正版图书书籍】 正版全新书籍 正规发票 多仓就近发货 85%城市次日送达 关注店铺可享店铺优惠!,https://product.dangdang.com/11816787347.html,9787559816719
一场游戏一次消遣 《巴黎评论》终身成就奖得主詹姆斯?索特代表长篇 《北回归线》《洛丽塔》之后重新确立情色文学标准的经典之作,https://product.dangdang.com/28473110.html,9787559817006
正版现货 正版 强风吹拂 三浦紫苑著；林佩瑾、李建铨、杨正敏译 广西师范大学出版社 9787559817617-提供发票,https://product.dangdang.com/11297167020.html,9787559817617
世界观·剧透 “百科全书”式的艺术家、中国当代艺术的领军人物邱志杰，历时八年，沉淀出的散文、书法、绘画三位一体的天才创作！以历史“角色”窥探中国文化的隐秘基因，演绎出一部历史轮回脚本的“剧透”。,https://product.dangdang.com/27950867.html,9787559821225
狼蛛[美]鲍勃·迪伦 译者；罗池广西师范大学出版社9787559825285 正版旧书，保证质量，此书为单本而非一套，电子发票！,https://product.dangdang.com/11945606855.html,9787559825285
华丽食物志 东西方关于食物的奇闻异志集，日本杂学鬼才涩泽龙彦脑洞大开、让人爱不释手的美食怪奇随笔，餐桌上尽显权力、文明、艺术、传统、情仇、背叛、杀戮……,https://product.dangdang.com/28537567.html,9787559825315
小手（2024版） “她跟我们都一样，但她是个洋娃娃。” “我们也不知道该拿我们的爱怎么办，这个沉重的东西。” 诺奖作家马里奥·巴尔加斯-略萨倾力推荐，美国国家图书奖得主埃德蒙·怀特撰文导读,https://product.dangdang.com/29785906.html,9787559826060
【认准正版 量大优惠】正版精装 巫师：一部畏惧史 罗纳德 广西师范大学出版社 9787559829092 正版新书 正规电子发票 联系客服领取,https://product.dangdang.com/11846217605.html,9787559829092
新九叶·译诗集（10位诗人兼一线翻译家·7个语种·13位重量级世界诗人，一本巡礼200年世界诗歌） 新九叶·译诗集 （10位诗人兼一线翻译家·7个语种·13位重量级世界诗人，一本巡礼200年世界诗歌）,https://product.dangdang.com/29261580.html,9787559833129
绿香调 气味即文字，芳香即文学 绿香调 一部混合着青草、皮革和温度的香水小说 爱存在于气味和触觉中 文学 × 香? × 爱情 × 背叛,https://product.dangdang.com/29245345.html,9787559835338
爱、毁灭、新浪潮 ??世纪法国电影做帷幕的爱与追寻的故事 法国费?娜?学奖 Prix Femina 全员?性评委评出的法国?学奖 祖与占 四百击 午后之爱 慕德家?夜 五?七时的克莱奥 我的故事从上个世纪的巴黎开始,https://product.dangdang.com/29250793.html,9787559837011
为什么是植物图鉴 日中平卓马 广西师范大学出版社 摄影艺术 9787559837868,https://product.dangdang.com/11781937224.html,9787559837868
纯粹·海外汉学译丛·天朝的封建官僚机制：古代中国经济和社会研究 汉学界“诺贝尔奖”——儒莲奖得主、法国汉学家白乐日，毕生汉学研究的心血之作，全方位研究论述古代中国的社会结构和经济结构。 海外汉学译丛，国内首次引进出版。西方汉学领域，首次以中国历史经济方向为焦点的研,https://product.dangdang.com/29344747.html,9787559843791
埃德蒙·雅贝斯文集：腋下夹着一本袖珍书的异乡人 本书是一位异乡人的肖像，作者就流亡与荒漠、话语与沉默的主题进行思索和阐述。 作品打通了小说、诗歌、对话与文学、思想与哲学随笔之间的边界，不属于任何类型，却包罗万象。,https://product.dangdang.com/29355105.html,9787559844286
诗想者·读经典·出口成诗的民族：中国古典诗歌微观艺术解密 著名学者孙绍振新随笔集。 从细微处切入当下热门文化现象，趣解古典诗词争讼千年之话题。,https://product.dangdang.com/29380831.html,9787559846532
正版 乐园之丘：权力诞生与被剥夺的历史 2022-03 [荷]米尼克·希珀 9787559846808 广西师范大学出版,https://product.dangdang.com/11882438513.html,9787559846808
臧棣诗系：精灵学简史 诗是对生命感觉的捍卫。舒婷、奚密、李敬泽、柏桦、杨炼、唐晓渡、洪子诚、江弱水、西渡、王敖、陈先发等联袂推荐。,https://product.dangdang.com/29383050.html,9787559847096
正版 边角保护 一頁文库芥川龙之介系列 全8册 9787559847157 贝贝特广西师范大学出版202205,https://product.dangdang.com/11872024872.html,9787559847157
一_文库·芥川龙之介系列（全8册）,https://product.dangdang.com/12100008198.html,9787559847263
一_文库·芥川龙之介系列（全8册）,https://product.dangdang.com/12100008198.html,9787559847270
一_文库·芥川龙之介系列（全8册）,https://product.dangdang.com/12100008198.html,9787559847560
新的我（献给所有在躺平与内卷中挣扎的单身打工人！） 工作倦怠，社交厌倦，恋爱无能 如果你也曾感到生活是bullshit，一定会在这本书中读到自己，每一场精神内耗之后，每一个新的我,https://product.dangdang.com/29430871.html,9787559849243
温柔的确定性（与诺贝尔奖得主辛波斯卡齐名，波兰传奇女诗人中译诗集国内首次出版） 命运多舛的早逝天才?以写作向死而生，将生命的疼痛转化为爱与诗； 诗人译者李以亮十年潜心译介、编排，附专文导读。,https://product.dangdang.com/29461325.html,9787559851970
正版 与瓦尔泽一起散步（现代德语文学奠基人珍贵对话录，卡夫卡 黑塞 本雅明高度推崇） 9787559853110 北贝,https://product.dangdang.com/11882440433.html,9787559853110
正版 新民说 中文打字机：一个世纪的汉字突围史 9787559853547 广西师范大学出版社 （美）墨磊宁（Thoma,https://product.dangdang.com/11882440723.html,9787559853547
自然之后：一部元素诗,https://product.dangdang.com/11339325400.html,9787559854209
亚文化：风格的意义（朋克文化研究奠基之作，绝版多年，经典新译） 从摇滚、朋克美学到垮掉一代，反抗主流，高歌禁忌，颠覆你的美学常识与对“文化”的理解。 文化研究明星学者迪克·赫伯迪格开创性代表作，对青年亚文化研究影响深远。,https://product.dangdang.com/29554779.html,9787559855060
古人之夜：古代世界的夜间生活考（一本让你狂刷不止直呼过瘾的古人夜生活考古集锦：从未有人像这样撰写过的人类夜间文明！250 如果古人也有WIFI发朋友圈，25000年前的这些夜生活足以让你大开眼界!连聊八卦、研究星座、睡法、玩音乐、造武器…跟古人一起把玩夜生活，沉浸式感受可爱亲切的人类文明塑造场景！,https://product.dangdang.com/29526405.html,9787559856463
正版 纯粹·诗人与他的时代 9787559856739 广西师范大学出版社 王家新 纯粹pura出品 2023-02,https://product.dangdang.com/11882436333.html,9787559856739
自由大地丛书·屠海：北美生物灭绝档案（16世纪至20世纪）（记录海洋生物灭绝的历史书，也是暗示人类自身悲剧的“预言书”， 继《寂静的春天》之后重要的自然文学作品，记录16-20世纪超过50种北大西洋沿岸物种减少甚至灭绝的过程，掀起了世界范围内海洋生态保护的热潮。自由大地丛书,https://product.dangdang.com/29552482.html,9787559856746
一頁文库·川端康成系列全8册（小尺寸文库本+精美函盒，一网打尽日本诺贝尔文学奖得主、国民作家川端康成代表作）978755,https://product.dangdang.com/11872025782.html,9787559857637
异乡人,https://product.dangdang.com/11420551994.html,9787559857682
纯粹·玻璃星座 美国国家图书奖得主，著名华裔诗人施家彰诗集中译本初次出版。诗人将在美国新墨西哥州的日常经验与旅行亚洲期间（特别在中国和印度）的经验穿插并置，展现其结合中国古老道家思想与西方现代量子力学的观察世界的独特,https://product.dangdang.com/29568976.html,9787559858115
纯粹·不大可能 聚焦波德莱尔、艾略特、瓦雷里、吉尔伯特·莱利、巴尔蒂斯等诗人、画家及其作品，充分论述阐发诗学思想、艺术观念，以深刻的抒情主义风格，对哲学和精神问题进行探讨,https://product.dangdang.com/29594928.html,9787559860156
纯粹·割芦苇的人 涉猎广泛，从自然风光、风土人情等到对现代西方文化的深入研读，主题多元，风格独特，文笔弹性大，语言洗练，富有哲理。其中对于西方诗歌的个性解读，有利于读者更好地理解西方诗歌构成及其原理,https://product.dangdang.com/29623535.html,9787559862044
安娜·卡列宁娜（下）,https://product.dangdang.com/23756960.html,9787560575766
妖怪谈义(柳田国男选集),https://product.dangdang.com/1353310291.html,9787562181958
多彩的流放 [加拿大]梅维斯·迦兰 著；姜向明 译 重庆大学出版社 【速开发票，优质售后，支持7天无理由退换】,https://product.dangdang.com/11973391437.html,9787562477464
多余的素材 陈丹青纪实文集广西师范大学出版社满百 现货书籍,https://product.dangdang.com/11886129426.html,9787563366958
高丘亲王航海记：插图版（迷幻、荒诞、博识编织的梦境，蒲松龄《聊斋》般魔幻，安吉拉·卡特般古怪离奇） 日本“读卖文学奖”获奖作品，三岛由纪夫好友、日本鬼才涩泽龙彦遗作，集大成之长篇小说。千年前日本王子的达摩流浪者之歌，源自史书又如真似幻，曲折离奇。赠航海路线图。,https://product.dangdang.com/29256246.html,9787563397594
正版现货 九幽 逍遥兽 著 科幻小说文学 河南大学出版社【金辉荣丰图书】 【需要开票的用户 请联系客服】,https://product.dangdang.com/11857827902.html,9787564922283
传统藏戏(精)/中国傩戏剧本集成,https://product.dangdang.com/1518371715.html,9787567134423
荷尔德林后期诗歌【正版图书，满额减】 【速开发票，优质售后，支持7天无理由退换】,https://product.dangdang.com/11899826691.html,9787567501263
灰光灯：王寅诗选 王寅 著 9787567536081 华东师范大学出版社 【速开发票，优质售后，支持7天无理由退换】,https://product.dangdang.com/12318077941.html,9787567536081
从催眠的世界中不断醒来：当代诗的限度及可能 （如何读懂并写好一首诗？当代诗的抱负是什么？）,https://product.dangdang.com/28514638.html,9787567551183
贺拉斯《赞歌集》会笺义证 （古罗马诗人贺拉斯代表作《赞歌集》前两卷完整汉译+笺注，以古汉语对译拉丁文）,https://product.dangdang.com/29215197.html,9787567598348
走出韩国张康明 著华中科技大学出版社9787568050562 正版旧书，保证质量，此书为单本而非一套，电子发票！,https://product.dangdang.com/11945758195.html,9787568050562
从格罗托夫斯基到全息影像：现场艺术中的肉身化和非肉身化 从格罗托夫斯基到全息影像：现场艺术中的肉身化和非肉身化,https://product.dangdang.com/24201930.html,9787568902144
无限事（典藏版） 第六届鲁迅文学奖获奖诗集！ 幸福三重奏节目陈建斌蒋勤勤夫妇诵读作者诗句《我想和你虚度时光》,https://product.dangdang.com/25340737.html,9787568910309
时尚的受害者：致命服饰图鉴史David 著；艾莉森·马修斯·戴维、Alison、Matthews、李婵 译重庆大学出版 正版旧书，保证质量，此书为单本而非一套，电子发票！,https://product.dangdang.com/11946109595.html,9787568914307
拜德雅视觉文化,https://product.dangdang.com/12100013670.html,9787568923453
克苏鲁系列,https://product.dangdang.com/12100012343.html,9787568929974
认识你自己书系,https://product.dangdang.com/12100018794.html,9787568938198
鼻：日本文坛首位「日本恐怖小说大奖」和「江户川乱步奖」双料得主曾根圭介成名作 令日本恐怖小说大奖评委激赞“震撼力满分”的获奖作品！出人意料的设定、不寒而栗的逆转、张力破表的结尾、意味深长的社会派恐怖，习以为常的世界将彻底崩坏！,https://product.dangdang.com/28999239.html,9787569930269
最后约翰死了（壮丽的邪典史诗，脑洞大开的克苏鲁系惊悚小说） 综合《怪奇物语》式惊悚历险、《瑞克和莫蒂》式科幻脑洞、《裸体午餐》式荒诞狂想，位列NPR读者喜爱的恐怖故事，《粘贴》杂志史上50佳恐怖小说。,https://product.dangdang.com/29437763.html,9787569940855
本书充满蜘蛛（诙谐戏谑的“丧尸启示录” 讽刺西方社会的科幻惊悚小说，著名译者姚向辉倾情翻译！） 邪典史诗“后约翰死了系列”又一力作！入选BookAuthority、BookBub,https://product.dangdang.com/29500582.html,9787569942798
遗址：叶辉诗集,https://product.dangdang.com/28538562.html,9787570214570
陈从周说园（长江人文馆）,https://product.dangdang.com/12100009640.html,9787570216345
北流：2022年深圳读书月十大好书。华语文学传媒大奖、老舍文学奖得主林白沉潜八年，六十万字长篇巨著。 第23届深圳读书月十大好书。植物般茂盛延伸的北流河，万花筒式的记忆之书。附赠《别册：织字》《支册：李跃豆词典》。,https://product.dangdang.com/29419035.html,9787570224982
他们改变我的名字,https://product.dangdang.com/29555039.html,9787570229116
内衣觉醒记 笑泪交织、直击人心 掀起日本内衣革命的鬼马少女 一部献给所有女性的勇气诗 内衣的觉醒 就是女性身体自由的觉醒,https://product.dangdang.com/29509859.html,9787570329083
简·爱 浙江教育出版社 新华书店正版，关注店铺成为会员可享店铺专属优惠，团购客户请咨询在线客服！,https://product.dangdang.com/11073069987.html,9787572221965
形影不离 《第二性》作者波伏瓦作品 未公开的小说手稿 存在主义哲学家之一 女权先驱 新华书店正版，关注店铺成为会员可享店铺专属优惠，团购客户请咨询在线客服！,https://product.dangdang.com/11073070077.html,9787572225420
磨铁经典第1辑：一间自己的房间 女性觉醒经典之作，知名学者导读，全新译本补充5万余字注释，帮助你真正读懂本书；知名设计师设计，浮雕起凸工艺呈现文艺复古之美,https://product.dangdang.com/29368075.html,9787572225482
孤独是迷人的 艾米莉·狄金森 著 中英双语版 精选狄金森诗作160首 外国诗歌外国文学作品 经典女性文学作品 新华书店正版，关注店铺成为会员可享店铺专属优惠，团购客户请咨询在线客服！,https://product.dangdang.com/11073453827.html,9787572225789
齐马蓝（《爱死机》S1E14原著！第52届星云赏获奖作品！） 豆瓣9.2高分《爱，死亡和机器人》剧集，《齐马蓝篇》原著中文版重磅推出！,https://product.dangdang.com/29268239.html,9787572601187
跟动物交换身体系列,https://product.dangdang.com/12100012603.html,9787572605673
书籍秘史（第十八届文津奖获奖作品，《新京报》年度阅读推荐！西班牙销售40万册，获西班牙国家散文奖，诺贝尔文学奖得主略萨盛 第十八届文津奖获奖作品，《新京报》年度阅读推荐、界面文化年度书单推荐、探照灯年度好书！西班牙销售40万册，获西班牙国家散文奖，诺贝尔文学奖得主略萨盛赞！,https://product.dangdang.com/29382282.html,9787572605727
鱼不存在（播客无人知晓孟岩老师的年度之书！探索斯坦福大学建校校长大卫·斯塔尔·乔丹的强悍人生，展开一趟诗意的生命意义追寻 如何度过风暴来临的艰难时刻？拒绝向混乱低头时，人会变成什么样？人心中有什么不可摧毁之物？探索斯坦福大学建校校长大卫·斯塔尔·乔丹的强悍人生，展开一趟诗意的生命意义追寻之旅,https://product.dangdang.com/29460964.html,9787572607943
我在北京送快递 胡安焉非虚构纪实文学作品 一个,https://product.dangdang.com/11411796157.html,9787572609268
平妖传：绣像珍藏版（中国长篇神魔小说的开山之作，与《封神演义》齐名，四十回足本，109幅古典绣像插画，《天书奇谭》原著） 《天书奇谭》原著，中国长篇神魔小说的开山之作，钱锺书赞为明代小说之冠，四十回足本一字未删，匠心收录109幅古典绣像插画,https://product.dangdang.com/29600208.html,9787572609701
霞光映照之地：2022年当代散文20家,https://product.dangdang.com/29550028.html,9787572610301
十日谈：新冠时期故事集（当世界被按下暂停键时，记住你必须活下去！《纽约时报》杂志倾心策划，集结29位当代名家书写疫情的小 献给在疫情时期陷入困顿的每一个人，有关爱欲、生死、衰老、日常生活【浦睿文化】,https://product.dangdang.com/29610602.html,9787572612466
过生日的女孩（村上春树经典短篇插画版，日本中学语文课本收录的名篇！德国知名插画家度身绘制22幅彩色插画，呈现村上瑰丽的异 村上春树经典短篇绝美插画版！日本中学语文课本收录的名篇！德国知名插画家度身绘制22幅彩色插画，呈现村上瑰丽的异想剧场！给每一个许下生日愿望的人。,https://product.dangdang.com/29491620.html,9787573502490
日本戏剧集（全4册） 日本当代戏剧艺术的前沿，青年先锋剧作家的代表作集萃，全世界五个语种同步首发,https://product.dangdang.com/29445395.html,9787573600561
123个人的家 | 宅二三历时3年力作，800页重量级艺术书！【饮水图书 正版速发】 【全店支持发票 请联系客服】,https://product.dangdang.com/11893497938.html,9787574006041
末日松茸：资本主义废墟上的生活可能（薄荷实验）,https://product.dangdang.com/28984990.html,9787576004205
岛屿边缘 陈黎跨世纪诗选 中国台湾诗人 中国诗歌 正版 华东师范大学出版社【星愿文化】 可开发票 如需请联系在线小当当客服,https://product.dangdang.com/11900314155.html,9787576007244
成为三文鱼：水产养殖与鱼的驯养（薄荷实验）,https://product.dangdang.com/29247594.html,9787576014945
低温下的美 （诗集灰光灯之后，王寅近年新作和精选集。文本之外，二维码融入摄影、舞蹈、朗诵、影像诗等元素。阿多尼斯、北岛、弗罗斯特·甘德、翟永明联袂推荐）,https://product.dangdang.com/29508198.html,9787576027266
醒：西奥多·罗思克诗全集 美国现代诗集 独角兽文库 典雅精装 开放之宅 外国经典文学 正版 华东师范大学出版社【速发 正 【本店支持开发票 如需帮助请联系客服】,https://product.dangdang.com/11880950534.html,9787576027358
依海之人：马达加斯加的维佐人，一本横跨南岛与非洲的民族志（薄荷实验）,https://product.dangdang.com/29496355.html,9787576027808
中华典故 书籍非全新 85-99成新，以实拍图为准发货，介意勿拍,https://product.dangdang.com/11865895877.html,9787801067579
一定要给你个惊喜 谈波 著 深圳报业出版集团 【新华书店正版图书书籍】 正版全新书籍 正规发票 多仓就近发货 85%城市次日送达 关注店铺可享店铺优惠!,https://product.dangdang.com/11532458807.html,9787807097440
麻醉抄:少年诗.旧火及其他 杨典 深圳报业出版集团 【新华书店正版全新书籍】 电子发票 正版保证 多仓就近发货,https://product.dangdang.com/11728353579.html,9787807098331
绘色,https://product.dangdang.com/11819615314.html,9787807407447
【中商原版】未央歌 典藏纪念精装版 港台原版 鹿桥 台湾商务印书馆,https://product.dangdang.com/11156486766.html,9789570534221
【中商原版】胚胎奇谭 港台原版 山白朝子(乙一) 皇冠 日本恐怖惊悚小说,https://product.dangdang.com/1680438473.html,9789573330264
预售 【中商原版】痖弦回忆录 港台原版 痖弦 辛上邪 洪范 散文 5月下旬到货,https://product.dangdang.com/11166686406.html,9789576743597
现货台版 繁花将逝 首刷限定少女心事信笺卡 伽古屋圭市著 独步出版 原版书籍 包邮,https://product.dangdang.com/11000328504.html,9789579447416
【预售】夜行（经典回归版）横沟正史 文学小说 港台原版图书籍台版正版繁体中文 独步文化出版 日本推理悬疑小说 预售图书10-12周左右发货,https://product.dangdang.com/11418256340.html,9789579447782
预售 【中商原版】香港短篇小说百年精华（下）（第二版） 港台原版 刘以鬯 三联书店(香港)有限公司 小说 5月上旬到货,https://product.dangdang.com/1324094686.html,9789620441073
【中商原版】天下无鬼 中国古代志怪小说里的鬼与精怪世界 港台原版 有鬼君 香港三联书店,https://product.dangdang.com/11289000426.html,9789620450280
【预售】【翰德图书】漫画 SOLANIN 1-2完 浅野一二O 台版漫画书 东贩 日本电影《乐与路》原著漫画 正版 繁体 预售图书大约10-12周发货,https://product.dangdang.com/11407023020.html,9789861761022
【预售】告诉我 你是怎么死的 脸谱港台原版图书籍台版正版进口繁体中文 茱蒂梅琳涅克/提杰米契尔Judy Melinek/ 预售10-12周左右到货发出保证正品,https://product.dangdang.com/612429709.html,9789862354483
吴明益《单车失窃记》麦田,https://product.dangdang.com/11924579976.html,9789863443384
现货台版 犯罪手法系列2 毒物研究室 麦田出版 原版书籍 正版包邮 繁体中文 进口书,https://product.dangdang.com/11362358640.html,9789863444091
现货台版 犯罪手法系列 法医科学研究室 道格拉斯莱尔著 麦田出版 原版书籍 包邮,https://product.dangdang.com/681148952.html,9789863444336
现货台版 兽之梦 日本平成代表作OUT 社会派黑暗天后透视欲望杰作 桐野夏生著 麦田出版 原版书籍 正版包邮 繁体中文 日本平成代表作OUT 社会派黑暗天后透视欲望杰作,https://product.dangdang.com/1898701230.html,9789863446682
预售【外图台版】求剑-年纪．阅读．书写 / 唐诺 印刻文学 预售商品，下单付款后90-120天内发货,https://product.dangdang.com/11607434847.html,9789863875895
【预订】物见：四十八位对象的阅读者，与他们所见的世界 中文繁体港台原版艺术作品集 善本图书 预订图书大约8-12周发货,https://product.dangdang.com/11304366247.html,9789865081522
预售港台原版 矢树纯丈夫的骨头独步文化 正规进口台版书籍，付款后75天内到货发出！,https://product.dangdang.com/1839731323.html,9789865580001
【中商原版】ZOO 经典回归版 港台原版 乙一 独步文化 日本悬疑推理小说,https://product.dangdang.com/1537794013.html,9789865580704
现货台版 白井小姐 乙一暌违4年全新恐怖小说 乙一 著 日本悬疑推理小说 独步文化 原版进口书 正版包邮 繁体中文 港台,https://product.dangdang.com/11700053844.html,9789865580735
【中商原版】九重葛与美少年 港台原版 李渝 印刻,https://product.dangdang.com/684047894.html,9789865823047
蝶道(修訂版),https://product.dangdang.com/23245459.html,9789866490316
【中商原版】二生三 张洪与秋麦合作作品2014–2017 港台艺术原版 龐惠英 香港大学美术博物馆出版,https://product.dangdang.com/11848464256.html,9789881902528
葬之以礼 香港殡仪文化初探 港台原版 周子峰 香港中华书局,https://product.dangdang.com/11858746523.html,9789888675746
